customer_id,customer_name,age_group,gender,city,email,loyalty_tier,join_date
C0001,Gauri Mammen,35-44,Male,Delhi,atharvbhasin@example.com,Bronze,2025-06-10
C0002,Balveer Sem,45-54,Male,Mumbai,vsinghal@example.com,Bronze,2023-11-02
C0003,Arjun Rege,25-34,Male,Ahmedabad,iagarwal@example.com,Platinum,2024-11-23
C0004,Chandresh Arora,25-34,Male,Ahmedabad,hemani20@example.org,Bronze,2025-05-31
C0005,Mohini Khare,18-24,Male,Delhi,ghoshganga@example.net,Bronze,2024-05-10
C0006,Leena Vora,45-54,Male,Ahmedabad,hiralhayer@example.net,Silver,2023-10-18
C0007,Upasna Hans,18-24,Female,Delhi,libniraju@example.com,Gold,2025-12-07
C0008,Rayaan Bose,25-34,Male,Delhi,eiravatidewan@example.net,Bronze,2025-11-01
C0009,Urvi Kara,25-34,Male,Kolkata,senguptashivani@example.net,Gold,2025-04-30
C0010,Aarush Thaker,25-34,Female,Delhi,zehaan34@example.com,Silver,2023-08-05
C0011,Charan Setty,35-44,Female,Mumbai,chaudrycharles@example.org,Bronze,2025-03-06
C0012,Amara Pai,55+,Female,Delhi,lben@example.com,Bronze,2025-10-24
C0013,Pooja Wason,25-34,Female,Ahmedabad,rpandya@example.com,Gold,2025-06-07
C0014,Jhalak Thaker,25-34,Other,Bengaluru,aarini76@example.net,Bronze,2024-02-11
C0015,Bhavini Badami,25-34,Female,Ahmedabad,brijesh51@example.com,Silver,2026-04-01
C0016,Sanya Kulkarni,18-24,Male,Ahmedabad,daksha38@example.org,Platinum,2024-09-04
C0017,Amaira Nori,35-44,Male,Mumbai,agarg@example.net,Silver,2025-05-28
C0018,Idika Mani,18-24,Female,Bengaluru,siddharthnazareth@example.com,Gold,2026-04-15
C0019,Vaishnavi Peri,35-44,Female,Delhi,dhruv11@example.net,Bronze,2026-05-15
C0020,Gaurang Wagle,55+,Female,Delhi,fmani@example.net,Silver,2025-09-07
C0021,Pranav Kapadia,35-44,Male,Mumbai,lthaker@example.com,Silver,2025-07-22
C0022,Ranbir Bandi,55+,Male,Pune,warinderrao@example.com,Silver,2024-05-29
C0023,Teerth Choudhury,25-34,Male,Chennai,sahnilogan@example.com,Silver,2024-09-24
C0024,Tamanna Chacko,25-34,Female,Ahmedabad,ronith34@example.com,Bronze,2023-08-10
C0025,Balendra Patla,35-44,Female,Ahmedabad,balakrishnanqasim@example.net,Bronze,2026-02-28
C0026,Kashvi Mahajan,25-34,Male,Chennai,dkulkarni@example.net,Bronze,2025-03-13
C0027,Ekaraj Borra,45-54,Male,Delhi,indrajit14@example.org,Bronze,2023-08-03
C0028,Mugdha Bajwa,35-44,Other,Hyderabad,zarora@example.com,Silver,2025-12-19
C0029,Aryan Issac,35-44,Female,Mumbai,miteshmohan@example.net,Platinum,2025-08-16
C0030,Logan Shah,55+,Male,Delhi,vedantgoswami@example.org,Bronze,2026-02-03
C0031,Alexander Sinha,35-44,Male,Delhi,rajagopalanupkaar@example.net,Bronze,2024-06-11
C0032,Rehaan Sibal,35-44,Male,Chennai,tsuri@example.net,Silver,2026-03-16
C0033,Faras Karpe,25-34,Male,Hyderabad,fkalla@example.com,Gold,2024-06-10
C0034,Bhavya Krishnamurthy,18-24,Male,Mumbai,gayathrisom@example.com,Bronze,2024-09-27
C0035,Ucchal Batra,25-34,Male,Mumbai,onidutt@example.com,Platinum,2023-10-08
C0036,Ira Arora,35-44,Female,Bengaluru,morekrishna@example.org,Bronze,2026-03-14
C0037,Falak Sangha,18-24,Female,Mumbai,tripti30@example.net,Silver,2024-07-10
C0038,Maya Misra,35-44,Female,Bengaluru,mahika38@example.net,Silver,2025-04-03
C0039,Amrita Krishnan,25-34,Male,Bengaluru,mannanishanvi@example.com,Bronze,2024-05-26
C0040,Wahab Toor,45-54,Male,Mumbai,ldutta@example.org,Bronze,2023-10-05
C0041,Siya Goswami,25-34,Female,Delhi,frederick47@example.org,Gold,2024-07-17
C0042,Edhitha Sethi,55+,Male,Bengaluru,hitesh53@example.org,Bronze,2026-04-27
C0043,Hiral Anand,45-54,Male,Bengaluru,zehaanjain@example.com,Silver,2026-06-05
C0044,Chaman Minhas,45-54,Male,Pune,barmaneiravati@example.net,Silver,2023-10-25
C0045,Advika Sathe,25-34,Female,Chennai,janya39@example.org,Bronze,2025-12-24
C0046,Tristan Talwar,45-54,Male,Mumbai,lkanda@example.com,Gold,2024-03-03
C0047,Jackson Bhagat,25-34,Female,Ahmedabad,libnidutt@example.net,Gold,2026-06-12
C0048,Janya Gade,18-24,Male,Chennai,harshil09@example.com,Bronze,2026-05-22
C0049,Samar Nanda,55+,Male,Delhi,dparekh@example.com,Silver,2023-11-22
C0050,Ekaraj Sanghvi,35-44,Female,Kolkata,vanyasinghal@example.com,Bronze,2025-02-04
C0051,Parth Sawhney,18-24,Other,Mumbai,cdatta@example.net,Bronze,2026-06-11
C0052,Chanakya Atwal,18-24,Female,Hyderabad,hredhaan08@example.com,Bronze,2024-03-25
C0053,Bina Sarin,25-34,Other,Pune,qmand@example.org,Bronze,2026-04-05
C0054,Lila Dugar,25-34,Female,Chennai,suhanidoctor@example.com,Bronze,2025-03-08
C0055,Yuvraj Hegde,25-34,Male,Chennai,hsura@example.com,Silver,2023-11-21
C0056,Harrison Vyas,35-44,Female,Pune,onveergrewal@example.org,Bronze,2026-06-14
C0057,Samar Uppal,25-34,Female,Hyderabad,bhattonkar@example.net,Bronze,2024-09-17
C0058,Ekaraj Tiwari,35-44,Male,Hyderabad,nimrat06@example.com,Silver,2026-06-13
C0059,Mohammed Gupta,35-44,Female,Kolkata,dixitgirindra@example.org,Silver,2025-07-02
C0060,Benjamin Tella,25-34,Female,Hyderabad,routyoshita@example.org,Bronze,2024-03-09
C0061,Chakradhar Mangat,25-34,Female,Chennai,ytank@example.com,Silver,2023-07-19
C0062,Fariq Atwal,25-34,Female,Ahmedabad,wazirarora@example.com,Silver,2024-01-29
C0063,Vrinda Iyengar,35-44,Male,Bengaluru,issacurishilla@example.net,Silver,2025-12-18
C0064,Benjamin Dar,18-24,Female,Pune,ekbal51@example.com,Bronze,2024-02-19
C0065,Nathan De,25-34,Male,Hyderabad,warinderpathak@example.net,Bronze,2025-08-10
C0066,Yutika Dhingra,55+,Female,Chennai,vravi@example.org,Gold,2024-01-31
C0067,Jhalak Bedi,25-34,Female,Ahmedabad,chamelicontractor@example.org,Bronze,2023-11-28
C0068,Keya Balay,25-34,Male,Kolkata,zarna40@example.org,Silver,2024-07-07
C0069,Sai Madan,45-54,Female,Mumbai,ozashaurya@example.com,Gold,2024-02-20
C0070,Hredhaan Dhillon,25-34,Female,Kolkata,ukhanna@example.com,Silver,2026-01-27
C0071,Alka Vasa,18-24,Male,Ahmedabad,lagate@example.com,Gold,2025-05-24
C0072,Isha Raj,18-24,Male,Ahmedabad,erege@example.com,Silver,2024-08-08
C0073,Leena Biswas,55+,Female,Pune,raagini42@example.com,Silver,2025-12-10
C0074,Parth Dua,45-54,Female,Kolkata,sachiswamy@example.com,Gold,2025-09-28
C0075,Aadhya Dua,25-34,Female,Ahmedabad,ayushman12@example.net,Gold,2024-12-26
C0076,Ikbal Pandya,35-44,Female,Hyderabad,bhatiaharita@example.com,Silver,2024-08-23
C0077,Nitara Sarma,25-34,Female,Hyderabad,falan44@example.net,Bronze,2025-12-08
C0078,Zehaan Chana,25-34,Female,Pune,ria35@example.net,Bronze,2023-09-23
C0079,Jagdish Chanda,25-34,Male,Chennai,ishita85@example.com,Bronze,2023-09-01
C0080,Ekalinga Pillay,25-34,Female,Kolkata,manan88@example.org,Bronze,2026-01-19
C0081,Odika Rajan,45-54,Male,Chennai,orinder02@example.com,Gold,2024-11-11
C0082,Inaya Lata,45-54,Female,Mumbai,anamikakrishna@example.org,Bronze,2026-01-28
C0083,Jeevika Samra,55+,Male,Mumbai,jagvinarayanan@example.org,Bronze,2026-03-05
C0084,Kamala Edwin,35-44,Female,Kolkata,munilajita@example.net,Gold,2024-04-11
C0085,Lohit Mohanty,25-34,Male,Chennai,rudraminhas@example.net,Silver,2025-02-16
C0086,Vasudha Kala,25-34,Female,Kolkata,kalaacharya@example.org,Bronze,2025-06-10
C0087,Chakradhar Barad,45-54,Female,Bengaluru,wahab18@example.org,Platinum,2025-06-07
C0088,Varenya Dani,45-54,Female,Mumbai,zehaan33@example.com,Silver,2025-05-08
C0089,Zayyan Gade,35-44,Male,Delhi,arin09@example.net,Silver,2026-06-23
C0090,Amara Kaur,25-34,Male,Mumbai,ybassi@example.org,Silver,2025-04-24
C0091,Madhavi Ram,35-44,Male,Pune,wyatt39@example.org,Gold,2023-08-25
C0092,Harinakshi Kashyap,25-34,Male,Kolkata,berayachana@example.net,Bronze,2026-02-27
C0093,Vrinda Pradhan,55+,Male,Mumbai,wableteerth@example.com,Silver,2025-12-16
C0094,Dayita Deol,35-44,Female,Mumbai,andrew42@example.net,Bronze,2025-02-20
C0095,Hema Pai,35-44,Male,Mumbai,tiwariudyati@example.net,Silver,2026-04-03
C0096,Unni Vig,35-44,Male,Delhi,rudraiyengar@example.org,Silver,2024-11-13
C0097,Osha Naidu,18-24,Female,Pune,mohammed44@example.com,Silver,2024-10-26
C0098,Ayushman Chaudry,35-44,Male,Delhi,zbarman@example.org,Bronze,2026-04-29
C0099,Lipika Kota,55+,Female,Mumbai,goswamifarhan@example.net,Gold,2025-06-10
C0100,Atharv Doctor,25-34,Female,Kolkata,arinkade@example.com,Bronze,2026-06-23
C0101,Brijesh Pandey,18-24,Female,Chennai,pallaryan@example.org,Gold,2026-03-07
C0102,Krishna Kala,45-54,Female,Delhi,michael27@example.com,Bronze,2025-03-16
C0103,Unni Kunda,35-44,Male,Kolkata,lraval@example.net,Silver,2024-04-28
C0104,Gaurang Acharya,45-54,Female,Mumbai,dhingrasarthak@example.net,Bronze,2025-03-06
C0105,Aadi Srivastava,35-44,Female,Pune,parsaurmi@example.org,Silver,2024-12-02
C0106,Christopher Varty,18-24,Female,Kolkata,ravalupasna@example.com,Silver,2025-04-30
C0107,Gauri Mahajan,25-34,Female,Ahmedabad,gvasa@example.org,Silver,2024-01-08
C0108,Damini Mahajan,45-54,Female,Pune,kuruvillasaanvi@example.org,Bronze,2023-09-28
C0109,Yashasvi Deol,25-34,Male,Ahmedabad,mohammedapte@example.org,Silver,2023-09-09
C0110,Chatura Saini,25-34,Female,Kolkata,meghanadubey@example.org,Bronze,2024-04-27
C0111,Om Randhawa,25-34,Female,Ahmedabad,gourxalak@example.net,Bronze,2024-02-16
C0112,Peter Loyal,35-44,Female,Hyderabad,geetika84@example.com,Bronze,2024-12-04
C0113,Krishna Singhal,35-44,Female,Chennai,gmitter@example.com,Gold,2025-06-14
C0114,Upkaar Cheema,35-44,Female,Ahmedabad,vedant50@example.com,Gold,2024-07-07
C0115,Hardik Buch,25-34,Male,Delhi,dhawanekiya@example.org,Bronze,2025-03-02
C0116,Teerth Bera,25-34,Female,Pune,idoshi@example.net,Bronze,2024-04-23
C0117,Shaurya Batta,25-34,Male,Pune,zaidbasak@example.com,Bronze,2024-08-29
C0118,Zaitra Kar,18-24,Male,Chennai,nitara77@example.com,Bronze,2025-04-02
C0119,Megha Sura,25-34,Female,Bengaluru,malhotraharinakshi@example.org,Bronze,2024-01-09
C0120,Gaurav Lad,55+,Female,Hyderabad,nathanielpatla@example.com,Bronze,2026-04-08
C0121,Madhavi Jaggi,18-24,Male,Pune,nicholas96@example.org,Silver,2023-06-28
C0122,Bakhshi Sachdeva,18-24,Male,Hyderabad,chakrabortyaarav@example.net,Bronze,2025-02-20
C0123,Anvi Yadav,35-44,Female,Bengaluru,prashadzehaan@example.org,Bronze,2023-08-10
C0124,Banjeet Oza,35-44,Male,Mumbai,jagvi75@example.org,Bronze,2025-04-24
C0125,Irya Saha,55+,Male,Bengaluru,advik18@example.net,Gold,2025-04-09
C0126,Vihaan Setty,45-54,Male,Delhi,sudikshashan@example.org,Bronze,2025-12-01
C0127,Pranav Sekhon,18-24,Female,Mumbai,bmohan@example.net,Platinum,2024-04-03
C0128,Ojas Nagi,55+,Male,Delhi,vparikh@example.com,Gold,2025-04-24
C0129,Pahal Gala,35-44,Male,Chennai,chanakyabatra@example.org,Gold,2023-11-15
C0130,Yash Bhattacharyya,45-54,Other,Hyderabad,balanzansi@example.org,Bronze,2024-03-30
C0131,Maanas Hari,35-44,Female,Mumbai,avi95@example.org,Platinum,2023-07-04
C0132,Fitan Jaggi,35-44,Male,Chennai,tailorchandresh@example.com,Bronze,2025-12-16
C0133,Madhavi Rau,18-24,Male,Chennai,vyohannan@example.net,Bronze,2024-06-18
C0134,Forum Kant,35-44,Male,Ahmedabad,jacksonnagar@example.org,Bronze,2024-10-11
C0135,Kashvi Madan,35-44,Female,Hyderabad,mmemon@example.net,Silver,2024-11-20
C0136,Shivansh Nagi,55+,Female,Chennai,brinda22@example.net,Silver,2025-10-30
C0137,Ekansh Nagy,25-34,Female,Chennai,agastyasama@example.net,Silver,2024-04-12
C0138,Yoshita Dave,45-54,Male,Hyderabad,crajagopalan@example.com,Bronze,2023-11-01
C0139,Vritti Lad,35-44,Female,Hyderabad,paninibandi@example.net,Platinum,2025-09-07
C0140,Eshana Jayaraman,18-24,Female,Ahmedabad,deolmohammed@example.org,Silver,2024-08-22
C0141,Indali Gokhale,25-34,Female,Hyderabad,mdubey@example.net,Bronze,2024-12-21
C0142,Omaja Chauhan,45-54,Female,Mumbai,amol12@example.net,Silver,2025-12-08
C0143,Manthan Chaudry,18-24,Other,Mumbai,charansangha@example.net,Gold,2025-11-28
C0144,Theodore Choudhary,55+,Female,Mumbai,gwarrior@example.com,Bronze,2025-09-29
C0145,Nisha Hans,35-44,Male,Mumbai,msuresh@example.org,Silver,2026-03-02
C0146,Sudiksha Bora,45-54,Male,Ahmedabad,dugaranya@example.com,Silver,2026-06-03
C0147,Qabil Palla,55+,Male,Ahmedabad,wdar@example.org,Bronze,2025-04-26
C0148,Dominic Iyer,35-44,Female,Pune,varkeymekhala@example.net,Bronze,2025-05-13
C0149,Mohammed Raju,25-34,Female,Ahmedabad,vedhikasant@example.com,Gold,2023-07-18
C0150,Oni Ahluwalia,25-34,Male,Mumbai,liamsuri@example.com,Bronze,2026-03-30
C0151,Ryan Kothari,45-54,Female,Kolkata,triyachowdhury@example.org,Bronze,2024-06-21
C0152,Zarna Rege,25-34,Male,Ahmedabad,bthaker@example.net,Bronze,2026-02-03
C0153,Azad Chand,35-44,Female,Ahmedabad,wparekh@example.com,Bronze,2024-08-26
C0154,Chandani Vohra,55+,Male,Bengaluru,ekbal96@example.net,Silver,2024-01-21
C0155,Kamya Pillay,18-24,Female,Delhi,krishnabarad@example.org,Gold,2025-10-22
C0156,Tanvi Kalita,25-34,Male,Bengaluru,bhattiwakeeta@example.net,Bronze,2024-08-17
C0157,Forum Sodhi,55+,Female,Chennai,ubikadani@example.com,Silver,2024-02-04
C0158,Yatin Prabhakar,35-44,Male,Delhi,jasmittank@example.net,Platinum,2024-10-27
C0159,Ekantika Srinivas,25-34,Male,Hyderabad,mramanathan@example.org,Gold,2025-12-01
C0160,Shivansh Comar,25-34,Female,Ahmedabad,aishanisarna@example.org,Bronze,2023-09-12
C0161,Siya Padmanabhan,45-54,Male,Bengaluru,upadhritimorar@example.com,Gold,2023-10-14
C0162,Wyatt Baria,25-34,Female,Kolkata,jhamadhav@example.org,Bronze,2024-11-14
C0163,Raagini Sathe,25-34,Male,Mumbai,abava@example.com,Silver,2024-03-29
C0164,Anmol Deol,45-54,Male,Ahmedabad,dalbirsaxena@example.net,Silver,2026-01-16
C0165,Veer Chada,35-44,Female,Pune,shettyyasti@example.net,Silver,2024-08-07
C0166,Jackson Gole,45-54,Other,Pune,karaneta@example.net,Bronze,2024-03-29
C0167,Aryan Bala,25-34,Female,Kolkata,nidhi92@example.com,Bronze,2024-05-28
C0168,Nidra Lal,35-44,Female,Ahmedabad,trivenidixit@example.com,Bronze,2025-09-24
C0169,Neha Hans,25-34,Male,Bengaluru,ozamohini@example.com,Silver,2024-08-30
C0170,Zehaan Pant,45-54,Female,Pune,isolanki@example.net,Bronze,2025-12-21
C0171,Joshua Memon,18-24,Male,Ahmedabad,zayankakar@example.org,Gold,2024-08-04
C0172,Ayushman Pillai,18-24,Female,Bengaluru,wpalla@example.org,Bronze,2024-12-11
C0173,Falan Mahal,35-44,Female,Kolkata,dhillonrachana@example.net,Gold,2025-01-11
C0174,Fiyaz Bhandari,55+,Female,Kolkata,bhavini82@example.org,Gold,2024-10-06
C0175,Bishakha Tripathi,45-54,Male,Ahmedabad,bhattisaumya@example.org,Bronze,2026-04-16
C0176,Shravya Sura,55+,Female,Hyderabad,vargheseronith@example.org,Bronze,2024-03-06
C0177,Leela Balasubramanian,35-44,Female,Delhi,waliaria@example.org,Bronze,2026-03-26
C0178,Wyatt Dhawan,35-44,Female,Bengaluru,chokshivaishnavi@example.net,Bronze,2024-03-04
C0179,Vrishti Chada,25-34,Male,Mumbai,nirja98@example.com,Bronze,2024-10-18
C0180,Bahadurjit Pai,35-44,Female,Kolkata,ranavedhika@example.org,Bronze,2024-02-19
C0181,Sanya Sathe,35-44,Male,Delhi,vedikasachdev@example.net,Silver,2024-03-16
C0182,Rudra Wali,45-54,Male,Ahmedabad,abhiramsarna@example.org,Silver,2024-04-22
C0183,Leena Ghose,25-34,Female,Hyderabad,dakshpatel@example.com,Gold,2025-03-29
C0184,Jason Sharaf,45-54,Female,Ahmedabad,balaforum@example.com,Bronze,2025-08-03
C0185,Harrison Seshadri,55+,Other,Ahmedabad,gsabharwal@example.com,Bronze,2026-04-10
C0186,Varenya Kurian,35-44,Male,Kolkata,advaithbrahmbhatt@example.com,Bronze,2024-11-01
C0187,Lavanya Nanda,45-54,Male,Kolkata,cramachandran@example.com,Bronze,2025-02-01
C0188,Pranav Rajagopalan,35-44,Other,Pune,sarafridhi@example.net,Bronze,2024-02-11
C0189,Sara Bansal,25-34,Female,Kolkata,surariya@example.com,Silver,2024-03-26
C0190,Thomas Prabhu,45-54,Female,Mumbai,urvashi78@example.org,Gold,2025-10-21
C0191,Gaurika Subramaniam,35-44,Male,Hyderabad,ravelkrisha@example.com,Gold,2024-02-24
C0192,Imaran Bhagat,35-44,Female,Chennai,bmuni@example.org,Silver,2024-02-22
C0193,Inaya Patel,35-44,Female,Bengaluru,hprabhakar@example.org,Silver,2025-02-07
C0194,Balveer Bains,45-54,Male,Hyderabad,udyatiarya@example.org,Bronze,2023-10-26
C0195,Harshil Sahota,18-24,Male,Bengaluru,aurorasai@example.org,Silver,2025-08-16
C0196,Bhavini Sharma,25-34,Female,Bengaluru,chandresh68@example.net,Gold,2026-02-12
C0197,Ikbal Desai,35-44,Female,Pune,osha50@example.net,Gold,2024-12-24
C0198,Vivaan Suresh,45-54,Female,Hyderabad,sekhonanvi@example.org,Platinum,2023-09-19
C0199,Janya Bora,35-44,Male,Hyderabad,mammenyashica@example.org,Bronze,2025-10-05
C0200,Udant Mishra,18-24,Other,Delhi,ayaan63@example.org,Gold,2026-01-21
C0201,Xavier Saraf,55+,Female,Kolkata,bakhshimallick@example.org,Bronze,2023-07-06
C0202,Kashvi Khanna,18-24,Female,Kolkata,dlala@example.org,Silver,2023-09-25
C0203,Hritik Sengupta,35-44,Female,Hyderabad,jatin11@example.org,Platinum,2026-01-18
C0204,Lekha Mane,35-44,Male,Delhi,jasmitchad@example.com,Silver,2026-04-07
C0205,Kashish Rai,45-54,Male,Pune,jacobramanathan@example.net,Bronze,2024-09-03
C0206,Kritika Goyal,45-54,Male,Ahmedabad,xalak06@example.com,Bronze,2024-10-17
C0207,Tejas Narain,18-24,Male,Bengaluru,yatan88@example.com,Platinum,2025-07-18
C0208,Janani Sampath,18-24,Female,Delhi,dasguptasai@example.com,Bronze,2025-07-28
C0209,Laban Bose,25-34,Female,Ahmedabad,fdoshi@example.com,Silver,2023-12-09
C0210,Isaac Chanda,35-44,Female,Kolkata,mitaliverma@example.org,Gold,2024-07-20
C0211,Ishanvi Dutta,45-54,Female,Delhi,jdutt@example.com,Platinum,2025-10-27
C0212,Arunima Dewan,18-24,Male,Hyderabad,srivastavamax@example.org,Bronze,2025-04-26
C0213,Wazir Kunda,45-54,Male,Chennai,munshiaadhya@example.net,Silver,2024-07-28
C0214,Chandani Pal,18-24,Male,Pune,tmishra@example.org,Platinum,2023-12-25
C0215,Advika Anand,18-24,Male,Ahmedabad,mchatterjee@example.org,Silver,2024-08-28
C0216,Krishna Kapadia,18-24,Male,Mumbai,balveer11@example.com,Platinum,2024-05-27
C0217,Deepa Rai,18-24,Female,Chennai,biradweta@example.net,Bronze,2024-05-22
C0218,Hiral Bahl,45-54,Male,Chennai,atwalaradhana@example.org,Gold,2024-10-19
C0219,Bina Kar,25-34,Other,Mumbai,msanghvi@example.org,Platinum,2025-03-28
C0220,Rohan Thakur,45-54,Male,Hyderabad,ekbal33@example.com,Gold,2025-09-25
C0221,Tripti Mangat,18-24,Female,Bengaluru,wrastogi@example.org,Bronze,2024-09-16
C0222,Warinder Trivedi,18-24,Male,Pune,madhavikothari@example.com,Bronze,2025-02-17
C0223,Nimrat Mannan,25-34,Female,Kolkata,tellaaarna@example.org,Silver,2025-08-18
C0224,Yuvraj Anne,25-34,Male,Pune,gardepahal@example.com,Silver,2026-01-11
C0225,Tara Venkataraman,35-44,Female,Mumbai,gauravhora@example.org,Silver,2026-04-15
C0226,Balveer Sen,25-34,Other,Hyderabad,pillayalexander@example.net,Bronze,2025-12-11
C0227,Vincent Pingle,45-54,Male,Ahmedabad,inaya27@example.org,Bronze,2025-03-10
C0228,Fiyaz Kapadia,18-24,Male,Ahmedabad,kharepahal@example.com,Silver,2026-05-24
C0229,Januja Nair,18-24,Female,Delhi,ssridhar@example.com,Silver,2024-07-07
C0230,Farhan Suri,25-34,Female,Pune,vde@example.net,Bronze,2025-09-09
C0231,Qadim Ganesan,18-24,Female,Kolkata,widishapau@example.net,Gold,2024-10-31
C0232,Unnati Bakshi,25-34,Female,Chennai,comarayushman@example.net,Bronze,2026-06-15
C0233,Priya Palan,25-34,Female,Ahmedabad,dubekamya@example.net,Bronze,2025-03-31
C0234,Chakradhar Dhingra,35-44,Male,Pune,kdua@example.com,Bronze,2026-04-01
C0235,Chakradhar Trivedi,18-24,Female,Ahmedabad,ronith22@example.com,Bronze,2024-10-27
C0236,Nandini Hegde,35-44,Male,Delhi,qparekh@example.com,Bronze,2024-01-03
C0237,Chavvi Mander,35-44,Female,Mumbai,nidhi12@example.com,Bronze,2025-12-13
C0238,Nandini Wable,25-34,Female,Delhi,ramaninaya@example.net,Platinum,2025-05-21
C0239,Advik Bobal,45-54,Female,Kolkata,joshua52@example.com,Platinum,2023-07-25
C0240,Vanya Choudhury,25-34,Female,Hyderabad,smerchant@example.net,Bronze,2025-09-13
C0241,Omaja Konda,25-34,Male,Ahmedabad,jyoti50@example.com,Gold,2024-12-27
C0242,Osha Rout,18-24,Male,Pune,bimalanatt@example.org,Bronze,2026-03-10
C0243,Arya Sule,45-54,Other,Kolkata,regeomya@example.org,Gold,2025-12-01
C0244,Dev Mitra,35-44,Female,Mumbai,igour@example.org,Silver,2025-08-31
C0245,Amruta Borah,25-34,Female,Mumbai,vasudha23@example.org,Bronze,2023-12-03
C0246,Tara Dara,25-34,Male,Pune,ishwarprabhu@example.org,Bronze,2024-08-26
C0247,Urvi Iyer,18-24,Female,Kolkata,rmore@example.net,Platinum,2024-02-23
C0248,Aryan Goel,35-44,Male,Delhi,csidhu@example.com,Bronze,2023-07-23
C0249,Bakhshi Karpe,18-24,Male,Pune,dugalekaja@example.net,Bronze,2024-01-23
C0250,Bhavika Parekh,45-54,Male,Delhi,paninianne@example.org,Gold,2024-12-16
C0251,Dalaja Hayer,35-44,Male,Mumbai,gautam47@example.org,Silver,2023-06-28
C0252,Jhalak Luthra,35-44,Male,Ahmedabad,isaacjhaveri@example.net,Bronze,2024-07-20
C0253,Lohit Parekh,25-34,Male,Delhi,lmall@example.com,Silver,2024-06-24
C0254,Krisha Anand,25-34,Male,Ahmedabad,patilsamuel@example.com,Bronze,2023-09-03
C0255,Mekhala Mital,18-24,Male,Mumbai,alka93@example.net,Bronze,2025-07-18
C0256,Arin Sagar,35-44,Male,Bengaluru,mwason@example.net,Bronze,2025-06-10
C0257,Jonathan Prasad,35-44,Male,Ahmedabad,patrickkala@example.org,Bronze,2024-06-02
C0258,Radha Basak,25-34,Female,Chennai,sathvik96@example.org,Gold,2023-08-17
C0259,Nirja Radhakrishnan,25-34,Female,Delhi,senguptatarak@example.com,Bronze,2024-11-25
C0260,Brijesh Dyal,55+,Female,Ahmedabad,bachittar01@example.net,Silver,2025-04-19
C0261,Vasudha Jayaraman,35-44,Male,Kolkata,sapte@example.net,Bronze,2024-02-01
C0262,Neelima Som,55+,Male,Mumbai,singhalchandani@example.org,Platinum,2024-06-07
C0263,Widisha Buch,45-54,Female,Ahmedabad,tnath@example.net,Bronze,2024-12-09
C0264,Manbir Prabhu,25-34,Female,Delhi,parikhkai@example.org,Silver,2024-03-10
C0265,Zansi Srinivasan,45-54,Female,Kolkata,agateanvi@example.com,Bronze,2026-05-11
C0266,Manbir Modi,18-24,Female,Bengaluru,gaurangikaur@example.net,Silver,2023-11-03
C0267,Yatin Wason,45-54,Male,Chennai,dsuri@example.org,Silver,2025-04-20
C0268,Faris Madan,25-34,Male,Bengaluru,matthew71@example.org,Bronze,2024-03-01
C0269,Hemal Mahajan,35-44,Female,Bengaluru,vaidyanisha@example.com,Bronze,2023-12-31
C0270,Sara Zacharia,25-34,Female,Ahmedabad,harish76@example.com,Silver,2026-05-02
C0271,Baljiwan Karan,45-54,Female,Pune,ronithdugal@example.net,Bronze,2026-01-09
C0272,Vasana Swaminathan,25-34,Female,Delhi,siddharth96@example.org,Gold,2025-07-27
C0273,Janani Mitter,25-34,Male,Mumbai,nachiket77@example.org,Silver,2025-11-12
C0274,Chakradhar Gokhale,18-24,Female,Mumbai,jackson38@example.com,Bronze,2023-11-18
C0275,Dalbir Palla,35-44,Female,Delhi,solankioliver@example.com,Silver,2023-10-19
C0276,Ikshita Upadhyay,25-34,Female,Mumbai,bdalal@example.com,Silver,2025-06-06
C0277,Riya Wali,35-44,Female,Pune,mallgaurang@example.com,Platinum,2025-11-26
C0278,Quincy Kohli,18-24,Female,Ahmedabad,dtandon@example.org,Bronze,2026-05-07
C0279,Madhavi Deo,25-34,Male,Delhi,venkateshjeremiah@example.net,Bronze,2026-06-08
C0280,Sathvik Shan,55+,Female,Ahmedabad,pkata@example.com,Silver,2024-08-04
C0281,Oscar Sule,25-34,Male,Pune,jananisampath@example.org,Bronze,2024-02-23
C0282,Patrick Raju,35-44,Male,Pune,nbumb@example.org,Silver,2025-05-11
C0283,Yatin Acharya,18-24,Male,Pune,dgupta@example.com,Silver,2023-10-01
C0284,Girik Dewan,25-34,Female,Hyderabad,saanvibajwa@example.com,Platinum,2023-10-04
C0285,Fitan Zacharia,25-34,Female,Bengaluru,oshachand@example.org,Bronze,2026-04-07
C0286,Anmol Raval,25-34,Female,Pune,kalalata@example.org,Silver,2025-01-30
C0287,Vedhika Kapadia,35-44,Female,Bengaluru,widisha32@example.net,Bronze,2025-06-02
C0288,Balhaar Toor,35-44,Male,Kolkata,yoshita82@example.com,Bronze,2026-01-01
C0289,Balendra Reddy,35-44,Male,Delhi,vnagarajan@example.com,Bronze,2025-10-31
C0290,Hamsini Bhatnagar,25-34,Female,Pune,praneelkale@example.com,Bronze,2023-06-29
C0291,Logan Mani,25-34,Other,Ahmedabad,tperi@example.com,Bronze,2025-10-25
C0292,Vyanjana Chand,45-54,Male,Hyderabad,brijeshramaswamy@example.org,Gold,2025-06-16
C0293,Ranbir Rege,35-44,Female,Mumbai,vrinda13@example.net,Silver,2024-03-16
C0294,Ekansh Sekhon,18-24,Male,Kolkata,vasana03@example.org,Silver,2025-05-10
C0295,Samarth Jha,35-44,Male,Bengaluru,pahalsharma@example.net,Bronze,2025-02-28
C0296,Tanvi Samra,55+,Female,Chennai,neelmander@example.org,Gold,2023-12-30
C0297,Girindra Tata,25-34,Male,Ahmedabad,dgola@example.net,Platinum,2024-10-09
C0298,Triveni Kurian,45-54,Male,Ahmedabad,bhattacharyyahenry@example.net,Silver,2025-10-24
C0299,Watika Shroff,25-34,Male,Ahmedabad,onkarbava@example.org,Bronze,2024-07-06
C0300,Viraj Sachdeva,55+,Female,Kolkata,rakshagokhale@example.net,Gold,2025-02-19
C0301,Dayamai Cherian,45-54,Male,Bengaluru,amruta27@example.net,Silver,2024-02-06
C0302,Devika Nagarajan,35-44,Male,Pune,rayaan69@example.net,Gold,2025-08-23
C0303,Xalak Mani,25-34,Female,Delhi,yatan65@example.org,Bronze,2026-01-04
C0304,Indrajit Tella,45-54,Male,Bengaluru,pranavdeol@example.org,Gold,2024-12-08
C0305,Zarna Pal,45-54,Female,Ahmedabad,wmitra@example.net,Bronze,2023-09-01
C0306,Utkarsh Chaudhuri,25-34,Male,Kolkata,anmol98@example.com,Platinum,2024-10-17
C0307,Tripti Upadhyay,25-34,Male,Pune,arya35@example.com,Bronze,2025-04-29
C0308,Turvi Chopra,45-54,Male,Pune,lsachdeva@example.com,Bronze,2026-03-16
C0309,Yash Murty,35-44,Male,Ahmedabad,bhardwajaadi@example.net,Silver,2024-05-28
C0310,Ria Bail,35-44,Female,Ahmedabad,bkeer@example.net,Bronze,2024-11-13
C0311,Suhani Zachariah,45-54,Female,Chennai,jhalak74@example.com,Silver,2023-08-30
C0312,Jalsa Modi,18-24,Male,Kolkata,goswamibahadurjit@example.com,Bronze,2024-12-19
C0313,Advika Date,25-34,Female,Mumbai,sneha66@example.com,Silver,2024-05-28
C0314,Lila Mishra,18-24,Female,Delhi,chadhaarin@example.net,Silver,2026-05-21
C0315,Samarth Doshi,35-44,Female,Mumbai,qtaneja@example.org,Silver,2026-02-18
C0316,Parth Sastry,25-34,Female,Hyderabad,zoommen@example.net,Bronze,2024-03-09
C0317,Barkha Chokshi,25-34,Female,Kolkata,sonibanjeet@example.com,Silver,2024-06-30
C0318,Zarna De,18-24,Female,Pune,narainxavier@example.org,Silver,2024-01-22
C0319,Saanvi Mammen,25-34,Male,Mumbai,nicholaschoudhary@example.org,Silver,2023-07-15
C0320,Aryan Dora,25-34,Male,Pune,vaishnavi05@example.org,Gold,2025-05-02
C0321,Yutika Ranganathan,25-34,Female,Pune,ubasak@example.net,Bronze,2023-09-03
C0322,Ojas Khurana,18-24,Male,Pune,jagatbhagat@example.org,Bronze,2024-05-03
C0323,Patrick Vora,45-54,Female,Bengaluru,dixitchristopher@example.net,Platinum,2024-08-18
C0324,Owen Kuruvilla,35-44,Female,Ahmedabad,ucchal04@example.org,Bronze,2024-08-09
C0325,Udant Dara,18-24,Male,Ahmedabad,patrickchadha@example.net,Gold,2023-11-05
C0326,Harini Basak,25-34,Male,Mumbai,bsarma@example.org,Bronze,2024-02-05
C0327,Frederick Pandit,25-34,Female,Ahmedabad,dugarchandresh@example.com,Bronze,2023-12-05
C0328,Barkha Kamdar,45-54,Male,Pune,rlad@example.org,Silver,2025-01-13
C0329,Nathan Mitra,18-24,Male,Hyderabad,jmenon@example.org,Gold,2024-05-06
C0330,Eesha Char,45-54,Male,Ahmedabad,idikachandran@example.net,Platinum,2026-02-06
C0331,Jairaj Dasgupta,35-44,Male,Ahmedabad,isaiahkibe@example.org,Gold,2024-08-31
C0332,Bakhshi Dar,45-54,Female,Hyderabad,krishadash@example.net,Bronze,2026-05-03
C0333,Janaki Sura,35-44,Male,Bengaluru,xraval@example.net,Bronze,2024-04-25
C0334,Praneel Mody,25-34,Female,Hyderabad,kabir11@example.net,Bronze,2024-10-12
C0335,Arjun Mistry,25-34,Male,Ahmedabad,dakshbhardwaj@example.org,Gold,2025-04-15
C0336,Eesha Sachdeva,35-44,Male,Pune,yachana09@example.net,Silver,2025-04-23
C0337,Saksham Chandran,18-24,Female,Mumbai,jackson65@example.com,Bronze,2026-05-03
C0338,Ekansh Jayaraman,55+,Male,Bengaluru,oommencaleb@example.com,Silver,2023-07-12
C0339,Omisha Mittal,18-24,Male,Ahmedabad,ichowdhury@example.org,Gold,2024-07-12
C0340,Raghav Seshadri,25-34,Female,Pune,gsen@example.com,Bronze,2025-09-17
C0341,Anirudh Anne,35-44,Female,Bengaluru,jbava@example.net,Bronze,2023-12-09
C0342,Jonathan Naidu,35-44,Female,Delhi,fitan96@example.net,Bronze,2023-10-15
C0343,Laksh Gulati,25-34,Male,Hyderabad,gvala@example.org,Silver,2023-07-23
C0344,Raghav Badami,25-34,Female,Ahmedabad,bailpavani@example.net,Bronze,2023-11-17
C0345,Yashasvi Wason,35-44,Male,Hyderabad,irabarman@example.com,Silver,2024-06-04
C0346,Harsh Chanda,25-34,Male,Ahmedabad,harrisontrivedi@example.org,Bronze,2026-05-29
C0347,Amaira Hari,45-54,Male,Bengaluru,sandhusiddharth@example.com,Bronze,2026-05-19
C0348,Eta Pradhan,35-44,Female,Pune,hemasheth@example.net,Silver,2025-04-22
C0349,Zilmil Vasa,45-54,Female,Hyderabad,jnadkarni@example.org,Silver,2024-06-27
C0350,Krisha Ramakrishnan,45-54,Female,Bengaluru,warinder91@example.com,Bronze,2025-08-21
C0351,Aarush Dora,45-54,Male,Chennai,andrewkar@example.org,Silver,2024-03-15
C0352,Idika Lall,35-44,Male,Pune,yborde@example.com,Gold,2023-07-16
C0353,Harini Babu,35-44,Male,Bengaluru,yashodhara07@example.com,Bronze,2025-01-18
C0354,Baljiwan Kaul,25-34,Female,Ahmedabad,tanishhayer@example.com,Gold,2024-12-05
C0355,Vamakshi Bava,18-24,Male,Delhi,rauaryan@example.com,Bronze,2023-12-31
C0356,Keya Bakshi,35-44,Male,Ahmedabad,gbawa@example.org,Gold,2024-09-29
C0357,Vasana Lall,35-44,Male,Bengaluru,divya85@example.com,Silver,2024-04-19
C0358,Gautami Borah,45-54,Female,Mumbai,dbose@example.org,Bronze,2026-04-08
C0359,Ekta Kapadia,25-34,Female,Bengaluru,qasimdutt@example.net,Bronze,2024-10-09
C0360,Baghyawati Tailor,45-54,Male,Hyderabad,abhakrishnamurthy@example.org,Silver,2023-07-23
C0361,Kamala Ramanathan,18-24,Male,Hyderabad,wishi03@example.net,Silver,2024-02-17
C0362,Liam Kapoor,35-44,Female,Bengaluru,yatingill@example.net,Bronze,2025-05-10
C0363,Atharv Solanki,45-54,Female,Pune,grana@example.org,Gold,2026-05-19
C0364,Girik Dixit,18-24,Female,Mumbai,andrewchopra@example.org,Gold,2026-02-23
C0365,Reva Pau,35-44,Female,Hyderabad,hritik18@example.org,Bronze,2023-11-17
C0366,Megha Sagar,25-34,Female,Mumbai,saimallick@example.org,Bronze,2026-01-11
C0367,Hiral Bhattacharyya,25-34,Female,Hyderabad,danielagarwal@example.com,Silver,2024-06-12
C0368,Qarin Luthra,25-34,Female,Hyderabad,yahvi79@example.com,Bronze,2026-01-14
C0369,Ikshita Panchal,25-34,Male,Kolkata,mahika07@example.net,Silver,2025-08-04
C0370,Brinda Thaker,45-54,Male,Pune,qprakash@example.net,Platinum,2024-12-01
C0371,Jagat Varghese,55+,Male,Pune,yauvanirastogi@example.com,Bronze,2023-08-31
C0372,Nandini Vohra,25-34,Male,Delhi,tanish86@example.net,Bronze,2026-02-08
C0373,Ekansh Kashyap,18-24,Male,Chennai,khalsaansh@example.org,Platinum,2025-04-07
C0374,Balhaar Shroff,25-34,Female,Kolkata,nimratchakrabarti@example.net,Bronze,2026-02-11
C0375,Vasatika Bahl,55+,Female,Pune,charvilanka@example.com,Bronze,2024-05-29
C0376,Indrajit Sathe,25-34,Female,Bengaluru,vedhikaagrawal@example.com,Silver,2026-01-26
C0377,Amaira Ram,25-34,Male,Hyderabad,kurianyatin@example.org,Bronze,2026-03-24
C0378,Ekapad Memon,55+,Male,Ahmedabad,dominicvarkey@example.com,Bronze,2023-08-21
C0379,Samaksh Samra,25-34,Female,Mumbai,muniwahab@example.org,Gold,2025-10-04
C0380,Amol Bedi,25-34,Male,Ahmedabad,jalsa06@example.org,Bronze,2024-06-02
C0381,Eesha Guha,45-54,Female,Bengaluru,pbath@example.com,Gold,2024-02-02
C0382,Hardik Bal,18-24,Male,Pune,sanghaojasvi@example.net,Silver,2025-10-23
C0383,Avni Sankar,35-44,Male,Pune,oyogi@example.com,Silver,2025-11-18
C0384,Leena Batra,45-54,Female,Hyderabad,radharatta@example.org,Silver,2025-08-10
C0385,Rayaan Sawhney,55+,Male,Bengaluru,ybarad@example.net,Gold,2024-04-21
C0386,Krisha Kade,35-44,Male,Pune,omane@example.com,Bronze,2026-03-11
C0387,Lavanya Solanki,25-34,Male,Kolkata,ubikaghosh@example.net,Bronze,2023-12-27
C0388,Alka Prashad,45-54,Female,Pune,sureshdevika@example.org,Bronze,2023-06-27
C0389,Quincy Nayar,25-34,Female,Bengaluru,chaayagarg@example.com,Bronze,2025-08-23
C0390,George Vig,35-44,Female,Hyderabad,arunimadeep@example.net,Silver,2026-05-09
C0391,Unnati Bath,35-44,Male,Ahmedabad,maxsura@example.net,Gold,2024-01-02
C0392,Zinal Bhavsar,25-34,Male,Pune,minhaspallavi@example.com,Bronze,2024-09-09
C0393,Zashil Sibal,45-54,Female,Hyderabad,jpalan@example.org,Silver,2025-05-30
C0394,Harish Tailor,35-44,Male,Mumbai,nicholaskhurana@example.com,Silver,2023-08-09
C0395,Vinaya Gaba,35-44,Female,Chennai,ganeshdaniel@example.org,Bronze,2024-07-04
C0396,Sara Shanker,18-24,Female,Kolkata,kreddy@example.net,Bronze,2026-06-17
C0397,Vamakshi Roy,25-34,Male,Delhi,falak28@example.net,Bronze,2025-03-14
C0398,Warjas Kulkarni,35-44,Male,Kolkata,eta91@example.org,Gold,2025-05-03
C0399,Chakrika Dewan,45-54,Female,Ahmedabad,nagynihal@example.org,Bronze,2024-01-31
C0400,Ekbal Rajagopalan,25-34,Female,Bengaluru,anyamenon@example.com,Platinum,2024-07-09
C0401,Jagat Hans,25-34,Male,Ahmedabad,gaderaksha@example.com,Bronze,2023-10-07
C0402,Dipta Gala,35-44,Female,Pune,lalldaksha@example.net,Gold,2025-10-11
C0403,Barkha Pant,35-44,Male,Hyderabad,jsom@example.org,Bronze,2026-05-25
C0404,Jhalak Char,25-34,Other,Hyderabad,bhattilakshmi@example.com,Bronze,2023-11-08
C0405,Nimrat Dhawan,35-44,Female,Hyderabad,yahvisangha@example.net,Silver,2026-06-02
C0406,Manbir Garde,25-34,Female,Ahmedabad,manyagoyal@example.net,Gold,2025-05-19
C0407,Faras Buch,25-34,Female,Hyderabad,veda64@example.org,Silver,2025-01-29
C0408,Zaitra Baria,45-54,Female,Kolkata,dkala@example.org,Gold,2025-01-28
C0409,Abdul Gade,18-24,Female,Hyderabad,chavvighose@example.com,Bronze,2024-02-03
C0410,Hitesh Mukhopadhyay,35-44,Female,Ahmedabad,jganesh@example.org,Bronze,2024-08-16
C0411,Girik Wali,55+,Female,Hyderabad,farispall@example.org,Bronze,2026-02-08
C0412,Abeer Thaker,25-34,Female,Chennai,sarafmahika@example.com,Silver,2024-04-22
C0413,Kabir Peri,18-24,Male,Chennai,amarapillai@example.org,Silver,2024-12-24
C0414,Naveen Bora,35-44,Male,Delhi,yutika95@example.net,Platinum,2026-04-21
C0415,Naveen Pall,25-34,Female,Bengaluru,saumyadhawan@example.net,Gold,2025-09-09
C0416,Baghyawati Chowdhury,35-44,Female,Ahmedabad,wabledarsh@example.net,Bronze,2024-09-02
C0417,Henry Sandal,35-44,Female,Hyderabad,pgaba@example.net,Bronze,2026-03-02
C0418,Isaac Edwin,35-44,Female,Chennai,aashidugar@example.com,Platinum,2026-01-28
C0419,Irya Kunda,25-34,Female,Bengaluru,ybassi@example.net,Platinum,2024-03-17
C0420,Christopher Dass,55+,Male,Mumbai,nirja97@example.net,Silver,2024-05-14
C0421,Zayyan Chaudhari,45-54,Male,Hyderabad,echerian@example.net,Silver,2026-06-24
C0422,Bhavani Barad,55+,Male,Delhi,poojachaudhuri@example.org,Silver,2024-04-30
C0423,Yamini Seshadri,45-54,Male,Ahmedabad,cbawa@example.com,Silver,2026-05-29
C0424,Chandran Brar,25-34,Male,Hyderabad,tmand@example.net,Bronze,2023-10-02
C0425,Vinaya Iyengar,35-44,Female,Ahmedabad,tailorupkaar@example.net,Bronze,2026-04-17
C0426,Kamala Lalla,45-54,Female,Pune,maanasgole@example.org,Gold,2023-12-08
C0427,Akshay Chaudry,35-44,Female,Bengaluru,bakhshi36@example.com,Bronze,2025-08-08
C0428,Ayush Bora,25-34,Male,Kolkata,xkashyap@example.org,Silver,2025-01-14
C0429,Manya Dhar,55+,Male,Bengaluru,emandal@example.com,Platinum,2025-05-17
C0430,Pavani Manne,25-34,Male,Mumbai,psani@example.org,Gold,2023-09-26
C0431,Alexander Buch,25-34,Female,Pune,rajeshri76@example.com,Bronze,2024-05-19
C0432,Sanya Jain,35-44,Male,Pune,bakshiriya@example.net,Bronze,2025-03-08
C0433,Teerth Zacharia,18-24,Female,Hyderabad,boravivaan@example.org,Platinum,2023-12-03
C0434,Darsh Chadha,35-44,Female,Hyderabad,grewalisaac@example.net,Platinum,2023-09-12
C0435,Advay Sahota,35-44,Male,Pune,matthew97@example.org,Bronze,2024-10-24
C0436,Vidhi Sharaf,25-34,Other,Bengaluru,zayyan48@example.com,Bronze,2023-10-19
C0437,Zaid Kohli,35-44,Female,Ahmedabad,bachittarghose@example.net,Gold,2025-06-04
C0438,Alka Yohannan,35-44,Female,Chennai,rgera@example.net,Gold,2024-08-20
C0439,Arya Dhingra,25-34,Male,Ahmedabad,baljiwan91@example.net,Gold,2024-12-15
C0440,Sanaya Panchal,18-24,Female,Delhi,samarth27@example.com,Silver,2024-08-26
C0441,Praneel Pai,18-24,Female,Bengaluru,henry58@example.net,Bronze,2026-04-17
C0442,Bhavani Raghavan,35-44,Female,Chennai,miteshbhardwaj@example.com,Gold,2026-02-14
C0443,Mugdha Vasa,45-54,Male,Ahmedabad,girindrachanda@example.com,Silver,2025-01-24
C0444,Wyatt Gill,35-44,Female,Ahmedabad,ishita94@example.com,Silver,2025-07-22
C0445,Gayathri Kumer,35-44,Male,Hyderabad,jbadal@example.net,Gold,2025-01-21
C0446,Gunbir Panchal,35-44,Male,Chennai,omisha39@example.org,Bronze,2025-07-31
C0447,Lakshit Khanna,35-44,Male,Delhi,thomas02@example.net,Gold,2025-05-27
C0448,Nakul Dixit,18-24,Male,Ahmedabad,kapadiaatharv@example.com,Gold,2026-01-21
C0449,Panini Bala,25-34,Female,Kolkata,bariapraneel@example.org,Bronze,2025-09-11
C0450,Hemang Ganesh,25-34,Female,Kolkata,udantramesh@example.org,Silver,2024-12-22
C0451,Frado Kala,35-44,Male,Bengaluru,osangha@example.org,Bronze,2025-04-07
C0452,Xavier Gola,25-34,Female,Kolkata,okaur@example.com,Bronze,2025-11-18
C0453,Mekhala Narasimhan,35-44,Other,Mumbai,fariq20@example.net,Silver,2024-09-08
C0454,Fitan Sagar,35-44,Female,Kolkata,viraj50@example.net,Bronze,2025-11-03
C0455,Zaitra Chhabra,18-24,Male,Pune,ypalan@example.net,Gold,2026-04-10
C0456,Urvi Dasgupta,18-24,Female,Delhi,rajanfarhan@example.com,Silver,2023-09-09
C0457,Neel Murty,25-34,Male,Mumbai,tamannachokshi@example.com,Silver,2023-10-07
C0458,Aarini Radhakrishnan,35-44,Female,Ahmedabad,mohammed42@example.org,Bronze,2024-11-05
C0459,Netra Setty,25-34,Male,Mumbai,oshadasgupta@example.org,Bronze,2024-09-25
C0460,Yochana Acharya,18-24,Other,Mumbai,gdugar@example.net,Bronze,2024-08-05
C0461,Amaira Vasa,35-44,Female,Pune,gbajaj@example.org,Gold,2024-08-17
C0462,Irya Mangal,25-34,Male,Chennai,qpatla@example.org,Silver,2023-09-24
C0463,Ekantika Karnik,25-34,Male,Chennai,vermatripti@example.org,Silver,2023-07-19
C0464,Gaurang Krish,35-44,Male,Bengaluru,raksha05@example.org,Silver,2023-12-15
C0465,Keya Wason,55+,Female,Pune,dharnihal@example.com,Gold,2024-05-23
C0466,Yashasvi Tak,35-44,Male,Pune,amrutamallick@example.net,Bronze,2025-09-27
C0467,Priya Ghose,35-44,Male,Bengaluru,krishna18@example.org,Gold,2023-12-05
C0468,Abha Chadha,45-54,Male,Hyderabad,sanaya71@example.com,Silver,2023-11-28
C0469,Baghyawati Palan,35-44,Other,Mumbai,natarajanbrinda@example.org,Silver,2024-10-28
C0470,Udant Gokhale,25-34,Male,Bengaluru,sanghaprisha@example.com,Bronze,2024-09-15
C0471,Eiravati Bahri,55+,Female,Delhi,yahvi09@example.org,Bronze,2024-12-09
C0472,Pranit Bhasin,18-24,Male,Chennai,yramaswamy@example.com,Silver,2025-10-12
C0473,Wazir Divan,45-54,Male,Mumbai,wrege@example.net,Gold,2023-12-15
C0474,Vamakshi Pathak,25-34,Female,Chennai,sudikshaborra@example.org,Bronze,2023-08-01
C0475,Arjun Deep,25-34,Male,Mumbai,vohraanay@example.com,Silver,2025-02-11
C0476,Banjeet Shah,45-54,Female,Ahmedabad,zrana@example.org,Silver,2024-06-23
C0477,Praneel Prashad,45-54,Female,Kolkata,vrindadutt@example.net,Gold,2026-01-31
C0478,Dhriti Shroff,25-34,Female,Kolkata,darpan81@example.org,Bronze,2023-12-22
C0479,Ria Sahota,25-34,Female,Pune,kapadiajhalak@example.com,Bronze,2025-12-23
C0480,Gauri Upadhyay,35-44,Male,Ahmedabad,indaliviswanathan@example.org,Bronze,2026-05-16
C0481,Radha Kulkarni,25-34,Female,Pune,rehaan21@example.com,Bronze,2024-03-22
C0482,Turvi Mangal,18-24,Female,Bengaluru,prabhakarchaitanya@example.org,Silver,2024-01-09
C0483,Sanaya Sekhon,25-34,Male,Kolkata,rvarty@example.net,Bronze,2024-06-12
C0484,Wishi Bhavsar,25-34,Female,Chennai,omya23@example.org,Silver,2023-08-26
C0485,Girindra Venkatesh,35-44,Female,Hyderabad,janani94@example.com,Silver,2024-07-21
C0486,Anika Patel,25-34,Female,Ahmedabad,vanshadara@example.net,Bronze,2023-10-13
C0487,Shravya Jani,35-44,Female,Bengaluru,fiyaznadkarni@example.net,Gold,2024-09-01
C0488,Banjeet Sehgal,25-34,Female,Mumbai,hmani@example.net,Bronze,2025-03-11
C0489,Anjali Ravel,35-44,Male,Mumbai,warriorkrishna@example.net,Gold,2024-02-14
C0490,Madhavi Borra,18-24,Male,Chennai,yrout@example.org,Bronze,2025-07-06
C0491,Chasmum Sane,25-34,Female,Ahmedabad,kashyapfaras@example.com,Silver,2024-07-31
C0492,Tara Arora,35-44,Male,Ahmedabad,logan10@example.com,Silver,2026-06-15
C0493,Urmi Pandya,18-24,Female,Kolkata,saanvi03@example.net,Bronze,2025-02-14
C0494,Ubika Kant,18-24,Female,Hyderabad,aben@example.com,Silver,2025-06-17
C0495,Samuel Kohli,18-24,Male,Bengaluru,jrau@example.com,Bronze,2023-09-12
C0496,Gautami Doshi,35-44,Male,Chennai,kkapadia@example.com,Bronze,2026-03-21
C0497,Ishaan Mani,18-24,Female,Kolkata,okeer@example.org,Silver,2025-04-11
C0498,Jalsa Saini,55+,Male,Chennai,chasmumhora@example.org,Silver,2024-08-30
C0499,Fiyaz Upadhyay,35-44,Female,Delhi,zarnachacko@example.org,Gold,2025-10-01
C0500,Darika Rai,25-34,Male,Delhi,tara08@example.net,Silver,2025-03-19
C0501,Hemal Deol,35-44,Male,Mumbai,arandhawa@example.org,Gold,2023-07-09
C0502,Rushil Deep,35-44,Female,Pune,yaminimallick@example.com,Bronze,2024-11-14
C0503,Niharika Keer,25-34,Female,Mumbai,yutikaprashad@example.org,Silver,2025-12-09
C0504,Lohit Anne,25-34,Female,Ahmedabad,anthony10@example.org,Silver,2024-12-25
C0505,Samaksh Chopra,45-54,Female,Hyderabad,krishnavenkataraman@example.org,Bronze,2024-02-05
C0506,Frederick Keer,18-24,Male,Pune,urmi16@example.org,Bronze,2025-10-16
C0507,Qarin Raman,55+,Male,Kolkata,veer98@example.net,Silver,2023-12-31
C0508,Advik Sharma,35-44,Female,Kolkata,xavier32@example.com,Bronze,2023-08-22
C0509,Xavier Lad,45-54,Female,Bengaluru,haritristan@example.org,Bronze,2025-10-21
C0510,Yoshita Kohli,18-24,Male,Pune,zpant@example.net,Gold,2025-02-07
C0511,Irya Randhawa,35-44,Female,Pune,shivanibadal@example.com,Silver,2024-12-04
C0512,Qasim Ganguly,18-24,Male,Pune,gabriel56@example.org,Platinum,2023-08-11
C0513,Ayaan Sarin,25-34,Female,Ahmedabad,turvi12@example.com,Bronze,2025-03-22
C0514,Chasmum Sagar,35-44,Female,Bengaluru,kevinkanda@example.net,Bronze,2025-08-15
C0515,Jonathan Mital,45-54,Female,Hyderabad,yashodharapillai@example.net,Bronze,2025-03-21
C0516,Chasmum Sharaf,25-34,Female,Bengaluru,fkohli@example.org,Bronze,2024-07-01
C0517,Osha Kaur,25-34,Male,Kolkata,galatejas@example.net,Bronze,2023-12-01
C0518,Oliver Dubey,25-34,Female,Hyderabad,veerbumb@example.net,Bronze,2024-07-11
C0519,Urmi Andra,25-34,Male,Delhi,vgoda@example.org,Silver,2025-01-07
C0520,Gaurika Nagarajan,18-24,Male,Kolkata,moraryoshita@example.com,Silver,2023-06-26
C0521,Vritti Tella,45-54,Male,Pune,hpal@example.net,Bronze,2025-07-28
C0522,Fiyaz Tank,35-44,Female,Delhi,diya75@example.net,Platinum,2025-05-26
C0523,Mahika Saini,35-44,Male,Chennai,ryanrajan@example.net,Bronze,2024-04-11
C0524,Nimrat Deol,25-34,Male,Bengaluru,svirk@example.com,Bronze,2023-10-29
C0525,Ekaraj Dada,25-34,Male,Bengaluru,wyatt72@example.org,Silver,2026-01-08
C0526,Faris Majumdar,25-34,Female,Delhi,vedika93@example.net,Silver,2023-08-30
C0527,Vihaan Grover,35-44,Male,Ahmedabad,sara67@example.net,Bronze,2026-02-17
C0528,Jack Comar,18-24,Male,Hyderabad,raghavanabhiram@example.org,Gold,2025-07-06
C0529,Daksha Rajagopalan,45-54,Male,Kolkata,ereddy@example.org,Bronze,2024-10-13
C0530,Chatresh Mukhopadhyay,25-34,Female,Bengaluru,ranveer74@example.net,Silver,2026-04-30
C0531,Chaitaly Barad,25-34,Other,Ahmedabad,yashica43@example.net,Platinum,2024-01-01
C0532,Logan Barad,35-44,Female,Hyderabad,mishrachatura@example.org,Platinum,2026-06-04
C0533,Ranbir Bala,25-34,Male,Chennai,vchandran@example.com,Gold,2023-07-14
C0534,Chaaya Karpe,18-24,Female,Pune,uraju@example.net,Silver,2025-08-22
C0535,Omaja Hayre,35-44,Female,Bengaluru,vvig@example.com,Platinum,2024-06-01
C0536,Chanakya Kumer,55+,Male,Ahmedabad,liam64@example.net,Gold,2024-09-13
C0537,Adya Luthra,45-54,Female,Delhi,rattianvi@example.org,Bronze,2025-07-17
C0538,Ethan Yohannan,18-24,Male,Ahmedabad,krishvihaan@example.com,Bronze,2023-10-04
C0539,Ikshita Bala,35-44,Female,Bengaluru,teerthdey@example.org,Bronze,2024-09-26
C0540,Dipta Warrior,35-44,Female,Ahmedabad,qdani@example.com,Platinum,2026-04-18
C0541,Watika Parikh,35-44,Female,Kolkata,advaithpradhan@example.net,Bronze,2024-06-30
C0542,Abhiram Prasad,18-24,Male,Delhi,memonjanani@example.org,Silver,2023-08-04
C0543,Logan Kaur,35-44,Male,Bengaluru,amrutahegde@example.net,Platinum,2026-06-13
C0544,Shaurya Nagar,55+,Male,Kolkata,noribalvan@example.org,Gold,2025-03-30
C0545,Umang Padmanabhan,18-24,Male,Delhi,tgera@example.net,Silver,2024-04-03
C0546,Joshua Buch,25-34,Male,Chennai,gkant@example.net,Gold,2024-08-03
C0547,Waida Bawa,25-34,Male,Bengaluru,erattan@example.com,Bronze,2025-10-03
C0548,Charles Mangat,55+,Male,Kolkata,gauravratti@example.com,Gold,2024-08-29
C0549,Leena Vaidya,25-34,Male,Bengaluru,devsur@example.net,Gold,2023-08-19
C0550,Sai Bose,25-34,Male,Ahmedabad,nagyleena@example.org,Silver,2025-03-18
C0551,Yutika Tella,25-34,Male,Ahmedabad,tatamichael@example.net,Gold,2026-06-04
C0552,Siddharth Doctor,18-24,Male,Delhi,jacobmadan@example.org,Bronze,2024-03-16
C0553,Pooja Narain,55+,Female,Bengaluru,mgour@example.com,Silver,2025-07-21
C0554,Andrew Dugal,25-34,Male,Bengaluru,amaira85@example.net,Silver,2025-11-26
C0555,Netra Mani,35-44,Male,Kolkata,nparikh@example.com,Silver,2023-09-14
C0556,Nisha Sarma,18-24,Female,Kolkata,upmakashyap@example.org,Bronze,2023-09-25
C0557,Neha Ratta,25-34,Female,Kolkata,suramitali@example.net,Bronze,2024-02-12
C0558,Bhavna Sethi,35-44,Female,Delhi,bainschakradev@example.org,Silver,2024-03-21
C0559,Warhi Tak,25-34,Male,Pune,wahab92@example.com,Bronze,2026-04-22
C0560,Jasmit Dayal,25-34,Female,Ahmedabad,anaychhabra@example.com,Silver,2025-01-27
C0561,Girish Kohli,35-44,Male,Kolkata,hritik39@example.com,Gold,2026-03-25
C0562,Pahal Golla,45-54,Female,Bengaluru,raghavbrar@example.net,Bronze,2024-01-27
C0563,Sachi Sarraf,35-44,Male,Delhi,zthakur@example.org,Bronze,2023-10-19
C0564,Chandran Johal,25-34,Female,Delhi,ysethi@example.com,Silver,2025-01-09
C0565,Warinder Misra,35-44,Female,Kolkata,cvig@example.net,Bronze,2024-02-05
C0566,Nihal Gulati,35-44,Female,Ahmedabad,janujagoel@example.net,Silver,2024-01-21
C0567,Manya Wadhwa,35-44,Female,Bengaluru,watika91@example.org,Bronze,2024-01-03
C0568,Ayushman Bajwa,45-54,Female,Pune,moreekantika@example.org,Gold,2026-02-27
C0569,Daksha Ravel,25-34,Male,Mumbai,idas@example.net,Bronze,2024-03-08
C0570,Kai Thaman,25-34,Female,Ahmedabad,spandit@example.com,Silver,2023-12-31
C0571,Jason Viswanathan,25-34,Male,Ahmedabad,jmutti@example.org,Bronze,2023-11-30
C0572,Yochana Vaidya,25-34,Male,Chennai,manyaminhas@example.com,Silver,2023-09-24
C0573,Abhimanyu Mannan,45-54,Female,Bengaluru,watikashere@example.com,Gold,2026-05-21
C0574,Simon Parmar,35-44,Male,Ahmedabad,kurianreyansh@example.org,Bronze,2023-08-13
C0575,Jonathan Modi,35-44,Female,Pune,yadavishan@example.org,Gold,2026-03-20
C0576,Vidhi Badal,35-44,Other,Ahmedabad,gunbirpant@example.org,Bronze,2026-03-12
C0577,Vedika Datta,25-34,Other,Chennai,chatreshanand@example.net,Bronze,2026-03-18
C0578,Pallavi Dhingra,45-54,Male,Pune,pdewan@example.com,Gold,2024-03-05
C0579,Utkarsh Raval,35-44,Male,Delhi,leela54@example.com,Gold,2023-10-21
C0580,Daksh Sane,45-54,Female,Pune,aaravsarraf@example.org,Bronze,2024-12-30
C0581,Lekha Bhandari,45-54,Female,Bengaluru,dray@example.com,Gold,2024-03-20
C0582,Naksh Jayaraman,35-44,Female,Pune,yoshitachacko@example.com,Bronze,2026-03-14
C0583,Yochana Kulkarni,25-34,Male,Hyderabad,michael56@example.org,Gold,2025-05-04
C0584,Libni Deshmukh,18-24,Female,Delhi,dkala@example.com,Bronze,2025-02-24
C0585,Samuel Chandran,55+,Female,Mumbai,rpau@example.net,Bronze,2024-10-08
C0586,Tara Swaminathan,25-34,Female,Bengaluru,boraudant@example.org,Gold,2023-07-08
C0587,Tanvi Mitter,25-34,Female,Kolkata,yatan82@example.net,Bronze,2026-04-13
C0588,Baljiwan Dey,25-34,Male,Kolkata,liam89@example.com,Gold,2025-12-28
C0589,Dev Keer,25-34,Female,Delhi,gaurangikapoor@example.org,Silver,2025-12-25
C0590,Urishilla Jayaraman,25-34,Female,Pune,ilad@example.net,Silver,2024-07-19
C0591,Irya Mahal,35-44,Male,Delhi,kashvi91@example.net,Silver,2025-03-21
C0592,Chandresh Sankaran,45-54,Female,Pune,gangulynihal@example.com,Bronze,2024-01-23
C0593,Vansha Mody,45-54,Female,Kolkata,kchhabra@example.org,Bronze,2026-02-15
C0594,Vamakshi Biswas,25-34,Female,Hyderabad,egokhale@example.net,Silver,2023-12-24
C0595,Rishi Venkataraman,45-54,Female,Ahmedabad,azaanpillai@example.net,Gold,2024-09-10
C0596,Osha Agrawal,18-24,Female,Mumbai,geetika63@example.com,Silver,2024-11-28
C0597,Bhanumati Gulati,55+,Male,Delhi,upkaarlad@example.org,Silver,2024-04-11
C0598,Varsha Banik,25-34,Female,Kolkata,ubika76@example.com,Bronze,2025-09-15
C0599,Vrinda Patla,18-24,Female,Hyderabad,baljiwankanda@example.org,Bronze,2026-05-10
C0600,Chandran Varkey,25-34,Male,Pune,watikasandhu@example.com,Gold,2024-11-11
C0601,Osha Morar,18-24,Female,Bengaluru,chamangrover@example.com,Silver,2025-05-02
C0602,Yochana Bhavsar,25-34,Male,Chennai,kalasachdev@example.org,Bronze,2025-11-16
C0603,Warjas Mandal,25-34,Male,Chennai,mammenmahika@example.org,Bronze,2026-04-06
C0604,Laban Kara,18-24,Female,Ahmedabad,duttaekantika@example.net,Gold,2024-11-27
C0605,Timothy Manda,35-44,Male,Kolkata,yutika71@example.net,Bronze,2025-10-15
C0606,Bhavika Kala,35-44,Male,Delhi,poojadevi@example.org,Bronze,2023-10-28
C0607,Unnati Choudhury,18-24,Female,Hyderabad,bradhakrishnan@example.net,Gold,2023-10-12
C0608,Rohan Desai,35-44,Female,Bengaluru,harshil87@example.org,Bronze,2023-12-08
C0609,Brinda Butala,35-44,Male,Mumbai,ikulkarni@example.net,Bronze,2024-05-28
C0610,Anita Chokshi,35-44,Male,Chennai,gkonda@example.com,Bronze,2023-10-09
C0611,Jagrati Bhatt,45-54,Male,Ahmedabad,yadavnidra@example.org,Bronze,2026-05-13
C0612,Chatresh Iyengar,35-44,Male,Delhi,minhasekbal@example.com,Platinum,2025-07-06
C0613,Caleb Tella,45-54,Male,Pune,manankhare@example.com,Silver,2026-02-15
C0614,Balhaar Kapur,35-44,Female,Chennai,madhavbose@example.com,Silver,2025-02-04
C0615,Brijesh Chana,45-54,Female,Mumbai,patlalaban@example.com,Bronze,2025-05-22
C0616,Qarin Nair,35-44,Male,Chennai,edhithawalia@example.org,Bronze,2024-11-01
C0617,Kashish Viswanathan,25-34,Male,Chennai,keyadeep@example.com,Silver,2025-05-01
C0618,Saanvi Kaur,25-34,Other,Delhi,ekaran@example.org,Platinum,2025-10-21
C0619,Abhiram Sampath,18-24,Female,Pune,janaki68@example.com,Silver,2026-03-25
C0620,Yashawini Borra,35-44,Male,Pune,avnibiswas@example.org,Silver,2023-09-01
C0621,Lucky Jain,18-24,Male,Delhi,lvarty@example.org,Bronze,2024-03-22
C0622,Hredhaan Das,55+,Female,Mumbai,libni22@example.com,Bronze,2024-03-13
C0623,Amaira Narayan,35-44,Female,Hyderabad,yashodharabuch@example.net,Bronze,2025-08-04
C0624,Amrita Krish,18-24,Female,Kolkata,yashicachandran@example.com,Silver,2025-10-14
C0625,Bahadurjit Raman,18-24,Male,Hyderabad,ekantikasood@example.org,Platinum,2023-09-01
C0626,Michael Kothari,35-44,Male,Bengaluru,madhavi32@example.net,Silver,2024-10-08
C0627,Abhimanyu Bora,25-34,Male,Delhi,bathkamala@example.com,Platinum,2025-09-01
C0628,Qabil Sen,18-24,Male,Chennai,cagrawal@example.org,Bronze,2024-04-24
C0629,Anika Boase,35-44,Male,Ahmedabad,dyalmegha@example.com,Silver,2024-09-21
C0630,Ekantika Borah,18-24,Female,Bengaluru,forumparekh@example.com,Silver,2024-11-15
C0631,Anay Dixit,25-34,Male,Bengaluru,dkakar@example.net,Silver,2025-09-08
C0632,David Baral,18-24,Male,Hyderabad,rajunimrat@example.com,Gold,2025-03-12
C0633,Ekaraj Trivedi,35-44,Male,Hyderabad,deepa29@example.org,Gold,2023-11-23
C0634,Yauvani Nagy,45-54,Male,Pune,jhalder@example.net,Bronze,2024-08-23
C0635,Balhaar Bora,25-34,Female,Delhi,santlaksh@example.com,Bronze,2025-07-31
C0636,Ekbal Sarkar,25-34,Male,Bengaluru,kabirbaria@example.com,Bronze,2025-06-28
C0637,Anamika Goda,25-34,Female,Delhi,christopher94@example.net,Bronze,2025-04-11
C0638,Yatin Wadhwa,25-34,Male,Mumbai,comarmugdha@example.org,Bronze,2024-04-06
C0639,Devansh Rama,18-24,Other,Bengaluru,unnati19@example.com,Bronze,2023-09-13
C0640,Dev Bassi,25-34,Male,Kolkata,jagdish91@example.com,Gold,2024-05-08
C0641,Charvi Sheth,25-34,Male,Pune,chamanparmer@example.com,Bronze,2026-04-19
C0642,Aadi Boase,18-24,Female,Mumbai,lohitnadig@example.net,Platinum,2025-05-22
C0643,Isaac Varty,18-24,Male,Kolkata,jagat62@example.net,Bronze,2026-01-18
C0644,Unni Hari,25-34,Female,Hyderabad,xsharma@example.net,Bronze,2024-01-09
C0645,Om Borde,25-34,Female,Chennai,gaganchowdhury@example.net,Silver,2025-01-21
C0646,Garima Choudhary,25-34,Female,Chennai,yashodhara68@example.org,Silver,2025-01-31
C0647,Anamika Mani,35-44,Female,Chennai,yachana48@example.net,Gold,2025-02-14
C0648,Tanay Majumdar,18-24,Male,Bengaluru,grewalvasana@example.com,Bronze,2025-03-16
C0649,Ekantika Mishra,35-44,Female,Pune,urvi94@example.net,Bronze,2024-11-04
C0650,Lakshmi Oak,18-24,Female,Pune,duttharshil@example.net,Gold,2026-06-01
C0651,Yutika Mital,18-24,Female,Hyderabad,wahabparmar@example.com,Bronze,2026-03-15
C0652,Amol Banerjee,55+,Other,Ahmedabad,manigirish@example.com,Bronze,2023-09-18
C0653,Chatura Varkey,18-24,Female,Hyderabad,nirjagoswami@example.org,Gold,2023-08-25
C0654,Vivaan Thakur,35-44,Male,Kolkata,ubika02@example.com,Platinum,2025-08-14
C0655,Jagat Bal,35-44,Female,Delhi,vasana92@example.net,Silver,2024-02-25
C0656,Yahvi Dewan,18-24,Female,Kolkata,fmunshi@example.net,Bronze,2023-07-15
C0657,Indrajit Sibal,25-34,Male,Bengaluru,qushisur@example.org,Bronze,2025-02-03
C0658,Chameli Bhandari,35-44,Female,Kolkata,arorayug@example.net,Bronze,2024-08-14
C0659,Sanaya Oommen,25-34,Female,Hyderabad,kvenkatesh@example.org,Bronze,2023-09-10
C0660,Rayaan Ranganathan,18-24,Male,Delhi,raiwatika@example.net,Silver,2024-09-01
C0661,Liam Rai,18-24,Male,Kolkata,nathan61@example.net,Gold,2024-12-28
C0662,Xalak Bhardwaj,25-34,Male,Ahmedabad,vben@example.com,Bronze,2025-10-15
C0663,Pratyush Bhat,45-54,Male,Bengaluru,vshah@example.net,Silver,2025-04-03
C0664,Gagan Acharya,25-34,Female,Mumbai,tanejapooja@example.net,Bronze,2024-11-05
C0665,Krishna Peri,55+,Male,Chennai,aryan58@example.org,Bronze,2023-09-27
C0666,Yagnesh Borra,25-34,Other,Hyderabad,yugdevi@example.net,Bronze,2024-12-22
C0667,Jagrati Trivedi,45-54,Female,Kolkata,kashishbassi@example.org,Silver,2023-10-30
C0668,Forum Yadav,25-34,Female,Delhi,krishnavedika@example.net,Bronze,2024-05-21
C0669,Suhani Contractor,18-24,Female,Mumbai,kashishbalakrishnan@example.net,Bronze,2026-05-13
C0670,Warda Gupta,45-54,Male,Chennai,damyantiwason@example.net,Silver,2024-02-18
C0671,Gaurav Kibe,35-44,Male,Delhi,gsaxena@example.com,Gold,2023-10-28
C0672,Janani Butala,55+,Male,Mumbai,girik36@example.net,Silver,2023-06-29
C0673,Amol Oommen,18-24,Female,Bengaluru,radhika37@example.org,Gold,2024-03-26
C0674,Arin Radhakrishnan,18-24,Male,Delhi,balanika@example.org,Bronze,2023-11-13
C0675,Devansh Vig,45-54,Male,Kolkata,neelima19@example.net,Bronze,2024-04-29
C0676,Girish Johal,18-24,Male,Kolkata,aadhya63@example.net,Bronze,2024-02-18
C0677,Faras Bhavsar,25-34,Male,Hyderabad,llata@example.org,Silver,2024-04-14
C0678,Balendra Muni,35-44,Female,Chennai,chandnidra@example.com,Gold,2025-01-22
C0679,Aarav Rau,18-24,Male,Ahmedabad,pranit49@example.com,Bronze,2026-03-28
C0680,Ucchal Divan,35-44,Female,Chennai,trivedijagrati@example.net,Bronze,2023-08-16
C0681,Gopal Mand,55+,Female,Mumbai,bmishra@example.com,Bronze,2024-08-02
C0682,Advay Sampath,25-34,Female,Ahmedabad,koshylaban@example.net,Bronze,2025-10-17
C0683,Samesh Garg,18-24,Male,Hyderabad,xchahal@example.net,Bronze,2024-12-17
C0684,Chatura Dugal,18-24,Other,Hyderabad,gauravwadhwa@example.org,Silver,2024-07-17
C0685,Tristan Ratta,55+,Male,Chennai,maxborah@example.org,Silver,2024-06-26
C0686,Riya Wason,35-44,Female,Hyderabad,mbalay@example.net,Silver,2025-02-15
C0687,Joshua Ghose,35-44,Other,Chennai,maniethan@example.org,Bronze,2023-08-08
C0688,Ganga Soni,18-24,Female,Bengaluru,dugarvinaya@example.com,Gold,2025-07-04
C0689,Zashil Behl,45-54,Male,Pune,sankaraarush@example.net,Silver,2024-07-28
C0690,Nilima Salvi,35-44,Male,Bengaluru,aariniprasad@example.org,Platinum,2025-05-06
C0691,Veer Wagle,35-44,Male,Ahmedabad,hamsini88@example.org,Bronze,2023-10-31
C0692,Rudra Dhingra,25-34,Male,Mumbai,sudiksha69@example.com,Silver,2025-02-21
C0693,Henry Gola,25-34,Female,Mumbai,bobaladvaith@example.com,Gold,2025-04-15
C0694,Avni Master,35-44,Female,Pune,yashasvi36@example.org,Gold,2025-12-23
C0695,Gayathri Sinha,18-24,Male,Pune,ayaanshukla@example.org,Silver,2025-09-11
C0696,Teerth Nayar,35-44,Female,Bengaluru,lavanyasaxena@example.net,Gold,2023-12-28
C0697,Gaurav Bail,25-34,Female,Delhi,eyadav@example.org,Bronze,2024-09-25
C0698,Faris Bahri,25-34,Male,Delhi,xalakboase@example.com,Platinum,2025-07-01
C0699,Avi Contractor,45-54,Other,Kolkata,banikanika@example.org,Silver,2024-12-27
C0700,Eta Ranganathan,35-44,Female,Bengaluru,dugarayushman@example.org,Gold,2025-02-04
C0701,Jonathan Khalsa,25-34,Female,Pune,manichanakya@example.com,Bronze,2023-10-24
C0702,Anika Sawhney,35-44,Male,Hyderabad,sachi52@example.com,Bronze,2026-02-18
C0703,Matthew Khare,55+,Female,Mumbai,ryan02@example.net,Bronze,2024-05-06
C0704,Lakshmi Buch,25-34,Male,Mumbai,kamyasura@example.net,Gold,2024-12-25
C0705,Neelima Patil,35-44,Male,Chennai,svohra@example.com,Silver,2025-05-11
C0706,Aradhana Oak,35-44,Male,Pune,subramanianisaac@example.org,Platinum,2025-08-28
C0707,Avni Basak,35-44,Other,Bengaluru,sahuja@example.net,Gold,2026-02-07
C0708,Tejas Warrior,25-34,Male,Pune,butaladavid@example.com,Bronze,2025-05-07
C0709,Henry Pandey,25-34,Female,Delhi,lallryan@example.com,Silver,2025-05-02
C0710,Chaman Choudhary,25-34,Female,Mumbai,arin48@example.net,Platinum,2025-03-12
C0711,Harita Mistry,25-34,Male,Kolkata,nilimasuri@example.org,Silver,2024-05-17
C0712,Mitesh Memon,45-54,Female,Delhi,ocomar@example.com,Silver,2026-04-23
C0713,Naveen Shetty,18-24,Male,Chennai,santluke@example.net,Gold,2025-06-14
C0714,Girik Sehgal,18-24,Male,Hyderabad,banditanveer@example.com,Bronze,2025-02-03
C0715,Brinda Savant,18-24,Male,Pune,lalreva@example.org,Silver,2026-03-20
C0716,Imaran Agate,25-34,Other,Delhi,omishavirk@example.org,Gold,2025-09-14
C0717,Aadhya Baral,25-34,Female,Mumbai,desaihemal@example.net,Silver,2025-12-30
C0718,Dhriti Ganguly,18-24,Male,Kolkata,rushil93@example.net,Bronze,2023-07-15
C0719,Anirudh Shere,25-34,Female,Chennai,barkha76@example.org,Platinum,2026-01-03
C0720,Gagan Aggarwal,35-44,Male,Hyderabad,jlad@example.net,Bronze,2026-04-24
C0721,Abhiram Bala,35-44,Female,Kolkata,keervasana@example.net,Bronze,2024-07-20
C0722,Hemani Yohannan,18-24,Male,Pune,owen59@example.org,Gold,2025-09-01
C0723,Damyanti Karpe,25-34,Male,Ahmedabad,ishaan05@example.org,Bronze,2024-01-27
C0724,Kamala Munshi,55+,Male,Hyderabad,gautam51@example.net,Bronze,2024-02-29
C0725,Hritik Barad,25-34,Female,Kolkata,khannasai@example.net,Bronze,2025-10-24
C0726,Ryan Srinivasan,25-34,Female,Kolkata,sakshamkarnik@example.com,Bronze,2024-06-30
C0727,Omisha Sarkar,18-24,Male,Ahmedabad,kashvi04@example.com,Bronze,2026-02-24
C0728,Rajeshri Varughese,35-44,Male,Hyderabad,mdatta@example.com,Silver,2026-03-10
C0729,Urvashi Batra,18-24,Male,Delhi,minhassamaksh@example.com,Silver,2024-07-19
C0730,Geetika Srinivasan,35-44,Female,Chennai,wyogi@example.com,Gold,2024-04-06
C0731,Henry Modi,55+,Female,Kolkata,yashasvipanchal@example.net,Platinum,2026-03-03
C0732,Kevin Bath,25-34,Male,Chennai,chaudryniharika@example.net,Gold,2026-01-29
C0733,Raksha Bahri,25-34,Female,Mumbai,omaja77@example.net,Gold,2025-01-26
C0734,Ekansh Kashyap,18-24,Female,Bengaluru,gaurangi21@example.net,Bronze,2024-08-02
C0735,Mekhala Mishra,55+,Female,Bengaluru,dugarwilliam@example.com,Bronze,2024-03-03
C0736,Varsha Dasgupta,18-24,Female,Kolkata,jatin22@example.org,Bronze,2023-11-01
C0737,Elijah Morar,45-54,Male,Bengaluru,pathakvyanjana@example.net,Gold,2023-07-31
C0738,Logan Dalal,18-24,Female,Delhi,aptemichael@example.org,Silver,2025-06-30
C0739,Girindra Nagar,25-34,Female,Hyderabad,zinalsarma@example.com,Bronze,2026-03-10
C0740,Jhalak Ganguly,18-24,Male,Kolkata,naraincharan@example.com,Silver,2025-02-15
C0741,Jasmit Mittal,55+,Female,Delhi,gaurang10@example.com,Bronze,2024-05-28
C0742,Ati Balay,45-54,Female,Hyderabad,bhattiwarjas@example.org,Gold,2025-12-13
C0743,Amrita Sabharwal,25-34,Female,Hyderabad,utkarsh16@example.net,Silver,2024-02-17
C0744,Arunima Magar,18-24,Male,Mumbai,guneet94@example.net,Silver,2024-12-12
C0745,Faqid Sani,18-24,Female,Kolkata,frederickjoshi@example.org,Bronze,2025-01-04
C0746,Rushil Nayar,18-24,Male,Chennai,nitesh65@example.net,Bronze,2023-12-14
C0747,Joshua Kakar,18-24,Female,Pune,ayushmanbora@example.com,Bronze,2025-06-07
C0748,Arya Loyal,45-54,Female,Hyderabad,bganesh@example.com,Silver,2025-04-18
C0749,Zashil Tak,18-24,Other,Chennai,ladlipuri@example.org,Bronze,2024-06-01
C0750,Luke Grewal,25-34,Male,Pune,ganeshxiti@example.net,Silver,2025-12-03
C0751,Atharv Jhaveri,25-34,Female,Chennai,enori@example.net,Bronze,2024-03-13
C0752,Bahadurjit Ravi,35-44,Female,Ahmedabad,haritabaral@example.org,Gold,2023-10-25
C0753,Inaya Sandal,18-24,Female,Bengaluru,radhikachand@example.net,Bronze,2025-06-09
C0754,Manbir Shanker,18-24,Female,Mumbai,mangalvyanjana@example.org,Bronze,2025-08-13
C0755,Karan Mangal,25-34,Male,Mumbai,aarini36@example.org,Gold,2025-03-03
C0756,Ekbal Mani,25-34,Female,Chennai,barkha35@example.com,Silver,2025-08-23
C0757,Rayaan Lad,35-44,Male,Delhi,pavani20@example.com,Silver,2025-01-07
C0758,Isha Pant,18-24,Female,Ahmedabad,jpillay@example.com,Silver,2023-12-19
C0759,Garima Khurana,25-34,Female,Pune,nborde@example.net,Bronze,2025-02-22
C0760,Gavin Parikh,25-34,Male,Delhi,veer76@example.org,Bronze,2025-08-04
C0761,Daksha Choudhury,45-54,Female,Chennai,farhanmanne@example.com,Silver,2026-04-14
C0762,Zilmil Raj,35-44,Female,Hyderabad,abhatti@example.com,Gold,2023-08-20
C0763,Jasmit Agrawal,25-34,Male,Mumbai,ekapad66@example.org,Bronze,2024-03-07
C0764,Tarak Rau,25-34,Female,Mumbai,priya67@example.com,Platinum,2024-06-24
C0765,Sachi Seth,25-34,Male,Hyderabad,amblefinn@example.com,Bronze,2025-08-04
C0766,Gautam Soman,25-34,Male,Hyderabad,rbahri@example.org,Silver,2026-06-01
C0767,Caleb Majumdar,35-44,Male,Kolkata,anirudhkant@example.com,Platinum,2023-10-20
C0768,Ucchal Purohit,35-44,Female,Pune,jghose@example.com,Bronze,2023-07-12
C0769,Chakrika Jha,25-34,Male,Delhi,warjas39@example.net,Bronze,2025-06-16
C0770,Shravya Garde,45-54,Male,Pune,joshua24@example.com,Silver,2024-08-22
C0771,Hredhaan Agrawal,25-34,Female,Hyderabad,wom@example.com,Bronze,2024-08-17
C0772,Libni Kamdar,45-54,Female,Mumbai,zachariahekantika@example.net,Silver,2026-03-25
C0773,Mahika Nazareth,35-44,Female,Pune,eiravatimemon@example.net,Silver,2025-03-17
C0774,Laksh Bhagat,25-34,Male,Hyderabad,dparekh@example.net,Bronze,2023-12-07
C0775,Tarak Mandal,35-44,Other,Mumbai,xsandhu@example.org,Gold,2026-04-27
C0776,Victor Mitra,35-44,Male,Pune,lallviraj@example.com,Silver,2025-11-11
C0777,Arya Buch,45-54,Female,Ahmedabad,bahadurjitminhas@example.net,Silver,2024-01-16
C0778,Bhanumati Gopal,45-54,Female,Bengaluru,chandanimody@example.net,Bronze,2024-07-03
C0779,Aachal Ratti,25-34,Female,Delhi,surifalan@example.net,Silver,2025-09-11
C0780,Ishanvi Thaker,55+,Female,Bengaluru,bbalay@example.net,Silver,2025-02-20
C0781,Bhanumati Sachdeva,25-34,Female,Chennai,snehagarde@example.org,Bronze,2025-10-03
C0782,Victor Basak,25-34,Female,Pune,csodhi@example.com,Silver,2026-06-24
C0783,Qushi Bhalla,25-34,Female,Delhi,ptripathi@example.org,Silver,2023-07-13
C0784,Hemal Som,25-34,Male,Delhi,aghose@example.net,Bronze,2025-11-17
C0785,Anthony Chanda,25-34,Male,Kolkata,advikapurohit@example.net,Gold,2024-08-08
C0786,Unni Misra,18-24,Male,Bengaluru,samuel04@example.com,Bronze,2024-12-02
C0787,Hemang Jaggi,18-24,Female,Ahmedabad,gaurang37@example.com,Bronze,2024-10-15
C0788,Pranit Kohli,25-34,Female,Delhi,narulahemangini@example.com,Bronze,2025-10-26
C0789,Krishna Palla,18-24,Male,Mumbai,hgade@example.org,Gold,2026-01-06
C0790,Watika Basak,35-44,Male,Bengaluru,kritika48@example.org,Gold,2025-09-16
C0791,Vamakshi Bir,18-24,Male,Delhi,amritagaba@example.org,Bronze,2025-06-01
C0792,Aarush Wable,55+,Male,Kolkata,meerabandi@example.org,Bronze,2024-01-25
C0793,Vyanjana Sharma,35-44,Female,Chennai,ybali@example.com,Gold,2025-03-28
C0794,Vritti Anne,18-24,Male,Chennai,nagyorinder@example.net,Silver,2024-07-01
C0795,Nitesh Reddy,35-44,Male,Chennai,yauvani19@example.org,Bronze,2025-04-20
C0796,Ekbal Barman,25-34,Male,Kolkata,obera@example.net,Bronze,2026-02-07
C0797,Abhimanyu Vora,25-34,Male,Mumbai,ekta34@example.com,Silver,2023-07-19
C0798,Champak Ramanathan,25-34,Female,Pune,bishakhapatla@example.net,Bronze,2025-11-21
C0799,Ojas Vala,25-34,Male,Ahmedabad,jnatarajan@example.org,Platinum,2024-06-21
C0800,Luke Sandal,18-24,Male,Kolkata,yrattan@example.com,Platinum,2025-11-24
C0801,Eta Chaudhary,35-44,Female,Chennai,daminianand@example.org,Bronze,2023-09-22
C0802,Chaitaly Oommen,35-44,Female,Pune,oviyamahajan@example.net,Bronze,2023-07-22
C0803,Frado Rao,35-44,Female,Hyderabad,mkhatri@example.com,Silver,2024-05-15
C0804,Zinal Dhar,35-44,Female,Mumbai,avi65@example.net,Bronze,2026-02-01
C0805,Saksham Bava,25-34,Male,Delhi,modythomas@example.net,Silver,2023-12-01
C0806,Jeevika Kota,35-44,Male,Ahmedabad,ikshitakaul@example.net,Silver,2024-04-18
C0807,Patrick Reddy,25-34,Female,Mumbai,mohinibhat@example.org,Silver,2024-11-21
C0808,Anirudh Thaman,35-44,Female,Hyderabad,ishanvimukherjee@example.org,Bronze,2025-12-04
C0809,Atharv Wagle,25-34,Female,Delhi,umistry@example.com,Bronze,2023-09-09
C0810,Lopa Keer,25-34,Female,Delhi,danibenjamin@example.com,Gold,2024-02-06
C0811,Wridesh Mahal,25-34,Male,Chennai,pushti81@example.net,Bronze,2024-03-16
C0812,Hitesh Bhandari,45-54,Female,Ahmedabad,trivedianthony@example.com,Silver,2025-02-27
C0813,Eiravati Malhotra,18-24,Female,Chennai,amarasanghvi@example.com,Gold,2026-06-04
C0814,Ati Taneja,18-24,Male,Ahmedabad,hkamdar@example.net,Silver,2023-12-31
C0815,Fitan Raju,45-54,Female,Delhi,patrickbarman@example.org,Silver,2024-11-22
C0816,Vedhika Dey,25-34,Male,Hyderabad,ubikachandran@example.com,Gold,2025-07-28
C0817,Chaitaly Deep,45-54,Male,Mumbai,davidraghavan@example.com,Silver,2026-01-03
C0818,Madhav Sachar,35-44,Male,Kolkata,yagnesh78@example.com,Gold,2024-12-20
C0819,Devika Chaudhry,18-24,Male,Mumbai,lprasad@example.net,Silver,2025-07-10
C0820,Samaksh Kakar,25-34,Male,Pune,saumya69@example.com,Silver,2025-01-30
C0821,Owen Dar,25-34,Male,Delhi,alexander36@example.net,Bronze,2025-01-22
C0822,Ladli Sheth,55+,Male,Kolkata,ykari@example.org,Bronze,2025-02-23
C0823,Oviya Lad,45-54,Female,Ahmedabad,zbadami@example.org,Gold,2026-06-09
C0824,Chakradhar Patla,18-24,Female,Delhi,zehaan18@example.net,Platinum,2026-04-28
C0825,Anirudh Mallick,18-24,Female,Bengaluru,badamimugdha@example.org,Silver,2023-09-26
C0826,Ekaraj Dutta,25-34,Male,Ahmedabad,gdugal@example.com,Bronze,2025-08-08
C0827,Upadhriti Bandi,45-54,Female,Mumbai,matthewrama@example.net,Silver,2025-03-05
C0828,Reyansh Sheth,25-34,Female,Bengaluru,dargarima@example.net,Gold,2025-02-26
C0829,Dakshesh Vyas,18-24,Male,Ahmedabad,xalak74@example.com,Bronze,2023-10-30
C0830,Gaurangi Dhillon,55+,Female,Chennai,psinghal@example.org,Bronze,2025-07-11
C0831,Karan Thakur,25-34,Female,Delhi,murtyidika@example.com,Silver,2025-08-15
C0832,Ekbal Mitra,18-24,Female,Kolkata,dharchaitanya@example.net,Gold,2023-10-26
C0833,Yashoda Magar,18-24,Female,Mumbai,semkrishna@example.com,Silver,2025-12-11
C0834,Arya Sundaram,45-54,Female,Ahmedabad,caleb87@example.net,Bronze,2023-09-11
C0835,Nachiket Talwar,25-34,Male,Ahmedabad,pnadkarni@example.com,Bronze,2025-02-25
C0836,Faris Ramesh,35-44,Male,Chennai,diya77@example.net,Gold,2026-02-27
C0837,Anay Gour,25-34,Female,Delhi,mmandal@example.net,Bronze,2024-02-03
C0838,Qarin Sarma,25-34,Male,Ahmedabad,bhallajagdish@example.org,Silver,2024-09-14
C0839,Wakeeta Halder,18-24,Male,Mumbai,tvig@example.org,Silver,2024-07-29
C0840,Omaja Banerjee,45-54,Female,Mumbai,buchurmi@example.net,Platinum,2025-09-25
C0841,Avni Mann,45-54,Female,Hyderabad,chakradhardave@example.com,Silver,2025-11-02
C0842,Harita Puri,55+,Male,Ahmedabad,cminhas@example.com,Bronze,2025-01-22
C0843,Indali Desai,45-54,Male,Chennai,samaksh65@example.net,Gold,2025-12-13
C0844,Shivansh Prakash,35-44,Male,Ahmedabad,bahripratyush@example.com,Silver,2025-03-24
C0845,Gaurang Kara,35-44,Male,Delhi,ekalinga65@example.net,Bronze,2024-11-11
C0846,Sai Dey,35-44,Male,Hyderabad,tarak21@example.com,Bronze,2024-07-23
C0847,Dakshesh Patla,25-34,Female,Bengaluru,vamakshi48@example.org,Silver,2025-04-02
C0848,Madhavi Mukhopadhyay,18-24,Female,Kolkata,nsachdev@example.com,Bronze,2026-03-05
C0849,Bhavini Mistry,25-34,Female,Kolkata,nehakorpal@example.com,Bronze,2023-12-15
C0850,Maanav Dutta,18-24,Male,Pune,behladya@example.org,Platinum,2026-04-29
C0851,Pallavi Ganesh,35-44,Male,Delhi,luckydesai@example.net,Silver,2025-02-13
C0852,Arin Mane,55+,Male,Bengaluru,balachandresh@example.net,Silver,2025-06-02
C0853,Yatin Desai,45-54,Female,Kolkata,skumar@example.net,Silver,2026-05-24
C0854,Yochana Singh,35-44,Male,Bengaluru,khannazayan@example.org,Gold,2026-05-18
C0855,Omisha Dani,25-34,Female,Delhi,kamya26@example.net,Gold,2024-11-19
C0856,Jacob Borra,25-34,Female,Kolkata,aarnavkuruvilla@example.net,Silver,2025-04-01
C0857,Advik Pandit,25-34,Other,Chennai,butalageorge@example.net,Platinum,2024-01-06
C0858,Falak Aurora,45-54,Male,Ahmedabad,obalay@example.com,Silver,2023-11-25
C0859,Pooja Shukla,45-54,Female,Hyderabad,rachit89@example.org,Bronze,2023-08-02
C0860,Bachittar Murty,25-34,Female,Chennai,somdalaja@example.com,Bronze,2023-08-28
C0861,Darpan Ram,55+,Male,Pune,nilimaprakash@example.net,Silver,2025-01-10
C0862,Amaira Gera,25-34,Female,Bengaluru,rishi19@example.org,Bronze,2023-09-02
C0863,Vedhika Salvi,35-44,Female,Delhi,vohravasudha@example.org,Silver,2024-03-17
C0864,Farhan Uppal,35-44,Female,Kolkata,tsarin@example.org,Silver,2025-07-28
C0865,Yug Sarna,45-54,Female,Kolkata,darpandeo@example.com,Bronze,2023-12-08
C0866,Victor Sehgal,18-24,Male,Bengaluru,vyanjana61@example.net,Bronze,2025-11-03
C0867,Netra Mahal,55+,Female,Bengaluru,yagnesh55@example.org,Bronze,2024-07-01
C0868,Anay Balasubramanian,35-44,Male,Mumbai,uchopra@example.com,Gold,2025-01-27
C0869,Jagat Din,25-34,Male,Mumbai,panchalwarjas@example.net,Silver,2024-04-28
C0870,Kabir Sachar,35-44,Female,Chennai,banerjeeurvashi@example.net,Bronze,2025-02-10
C0871,Abhiram Shan,35-44,Male,Hyderabad,aradhana38@example.org,Bronze,2026-02-08
C0872,Daksha Singhal,55+,Other,Kolkata,cpandit@example.org,Bronze,2023-10-05
C0873,Yashawini Zachariah,18-24,Male,Mumbai,zkulkarni@example.com,Silver,2025-11-06
C0874,Teerth Rama,45-54,Female,Ahmedabad,waliaharish@example.com,Silver,2023-06-27
C0875,Abhimanyu Manda,35-44,Female,Pune,yvenkataraman@example.com,Silver,2024-01-04
C0876,Aarush Bhasin,25-34,Male,Chennai,golehema@example.com,Silver,2024-10-29
C0877,Yadavi Deol,55+,Female,Bengaluru,rishi14@example.org,Bronze,2025-06-28
C0878,Anya Joshi,25-34,Female,Mumbai,masonbhattacharyya@example.com,Bronze,2024-04-12
C0879,Daksh Brahmbhatt,18-24,Male,Hyderabad,chauhanzansi@example.org,Platinum,2026-02-21
C0880,Brijesh Nagarajan,18-24,Male,Mumbai,jatinraja@example.com,Bronze,2023-12-22
C0881,Gautami Pandey,25-34,Female,Hyderabad,yauvani32@example.org,Bronze,2024-01-03
C0882,Geetika Bera,25-34,Female,Pune,janujavig@example.org,Silver,2025-11-12
C0883,Nandini Gala,25-34,Female,Bengaluru,xdada@example.org,Bronze,2024-06-15
C0884,Gagan Rajan,45-54,Female,Chennai,balhaar57@example.org,Bronze,2024-06-28
C0885,Hardik Devan,25-34,Female,Hyderabad,ckohli@example.org,Silver,2026-05-12
C0886,Amaira Tella,18-24,Male,Mumbai,gokhaleliam@example.com,Bronze,2025-06-21
C0887,Lekha Gill,55+,Female,Chennai,balveer33@example.net,Bronze,2024-01-20
C0888,Lohit Sarkar,25-34,Female,Delhi,qgill@example.com,Bronze,2024-03-19
C0889,Devika Behl,25-34,Female,Pune,dchacko@example.org,Silver,2024-10-18
C0890,Amaira Gala,45-54,Male,Hyderabad,lakshitchandra@example.org,Silver,2025-04-11
C0891,Gabriel Saraf,18-24,Female,Delhi,gchhabra@example.com,Silver,2024-07-25
C0892,Pranav Narain,35-44,Male,Mumbai,ybhargava@example.org,Silver,2024-07-17
C0893,Saksham De,45-54,Male,Chennai,oscarbora@example.org,Bronze,2025-05-28
C0894,Ikbal Subramaniam,35-44,Female,Kolkata,malhotracharan@example.com,Silver,2026-03-10
C0895,Robert Ahluwalia,18-24,Female,Bengaluru,prabhulajita@example.com,Bronze,2023-11-09
C0896,Om Dhar,18-24,Female,Delhi,ujoshi@example.com,Silver,2026-06-23
C0897,Jeremiah Khare,45-54,Male,Chennai,tamanna73@example.org,Silver,2023-07-07
C0898,Yashawini Samra,25-34,Male,Kolkata,khalsabalhaar@example.com,Silver,2023-10-29
C0899,Forum Sandal,35-44,Female,Mumbai,upadhritiwarrior@example.net,Gold,2026-04-22
C0900,Ishwar Butala,35-44,Male,Mumbai,yohannanganga@example.net,Platinum,2023-08-18
C0901,Lekha Tandon,25-34,Female,Delhi,shayachana@example.net,Silver,2024-07-09
C0902,Avni Mukhopadhyay,35-44,Male,Hyderabad,manan32@example.org,Bronze,2026-01-22
C0903,Adya Bath,25-34,Female,Mumbai,ikibe@example.org,Bronze,2023-10-20
C0904,Zaitra Kadakia,45-54,Female,Kolkata,seshadriosha@example.com,Bronze,2023-09-09
C0905,Faras Ganesh,25-34,Female,Bengaluru,doctorvarsha@example.org,Platinum,2025-05-20
C0906,Hemani Shankar,55+,Male,Pune,harishmall@example.org,Gold,2025-08-04
C0907,Tripti Chaudhari,18-24,Male,Bengaluru,cmohanty@example.com,Silver,2026-02-12
C0908,Lila Modi,25-34,Female,Delhi,yachanamisra@example.net,Gold,2025-03-20
C0909,Mahika Chad,25-34,Female,Pune,tanejaaditya@example.com,Gold,2025-12-05
C0910,Ubika Bava,18-24,Male,Bengaluru,buchtarak@example.com,Gold,2023-10-07
C0911,Mekhala Nath,18-24,Female,Chennai,bainsshivansh@example.org,Silver,2023-10-24
C0912,Avi Anand,45-54,Female,Mumbai,jhanimrat@example.com,Platinum,2023-08-31
C0913,Nandini Bhatti,35-44,Male,Ahmedabad,balalogan@example.org,Silver,2026-06-24
C0914,Samar Prakash,18-24,Female,Hyderabad,vedhika09@example.com,Silver,2024-12-23
C0915,Rachit Chander,25-34,Female,Pune,vbumb@example.net,Bronze,2023-09-11
C0916,Bhanumati Suri,35-44,Female,Hyderabad,ladlaban@example.net,Bronze,2025-10-13
C0917,Vidhi Virk,25-34,Female,Ahmedabad,snagi@example.org,Silver,2026-01-01
C0918,Damini Vyas,35-44,Male,Bengaluru,nsuresh@example.net,Bronze,2024-10-26
C0919,Krish Shetty,18-24,Male,Kolkata,jasmit99@example.org,Gold,2023-10-27
C0920,Vedant Chanda,25-34,Male,Kolkata,hdhawan@example.com,Silver,2024-05-19
C0921,Suhani Dube,45-54,Male,Pune,chanakyasem@example.org,Bronze,2026-05-27
C0922,Omaja Anand,25-34,Male,Hyderabad,sanghaganga@example.net,Silver,2026-04-15
C0923,Balendra Bhatti,45-54,Female,Delhi,kamdarpahal@example.org,Bronze,2025-10-07
C0924,Bakhshi Kanda,25-34,Female,Chennai,adhar@example.com,Bronze,2025-06-27
C0925,Ishani Arora,45-54,Female,Delhi,vnaidu@example.org,Silver,2023-12-21
C0926,Dalbir Narula,35-44,Male,Kolkata,raghav38@example.net,Bronze,2026-01-28
C0927,Forum Sabharwal,35-44,Other,Hyderabad,vamakshidash@example.org,Silver,2024-08-20
C0928,Jonathan Pandya,25-34,Male,Bengaluru,vidhi73@example.org,Gold,2023-10-03
C0929,Vihaan Choudhry,18-24,Female,Hyderabad,srinivasanyauvani@example.org,Bronze,2023-09-30
C0930,Devika Joshi,25-34,Female,Pune,tpillai@example.net,Gold,2025-01-10
C0931,Gagan Choudhry,35-44,Male,Bengaluru,haritakar@example.com,Bronze,2025-01-23
C0932,Aradhana Kohli,35-44,Female,Bengaluru,sanearunima@example.org,Bronze,2023-10-01
C0933,Panini Sarna,35-44,Male,Chennai,elijah96@example.com,Bronze,2025-09-24
C0934,Tamanna Savant,18-24,Male,Chennai,craman@example.com,Gold,2026-02-14
C0935,Ekta Yogi,25-34,Female,Pune,vedantgara@example.net,Gold,2024-04-08
C0936,Irya Balasubramanian,55+,Male,Mumbai,sarmasiya@example.org,Silver,2025-06-23
C0937,Ganga Raja,45-54,Male,Hyderabad,cbarman@example.com,Silver,2026-05-07
C0938,Champak Bose,25-34,Male,Bengaluru,chaitaly40@example.net,Silver,2025-04-11
C0939,Shivani Reddy,25-34,Male,Delhi,rehaan46@example.org,Gold,2026-04-29
C0940,Gabriel Sankar,25-34,Female,Kolkata,dubeyyashoda@example.net,Silver,2024-12-21
C0941,Sneha Borah,45-54,Male,Ahmedabad,jhaedhitha@example.org,Gold,2025-10-11
C0942,Rehaan More,18-24,Male,Ahmedabad,wableanika@example.net,Silver,2024-12-25
C0943,Darika Bhavsar,18-24,Male,Chennai,hritik22@example.org,Silver,2025-03-19
C0944,Saksham Reddy,35-44,Male,Delhi,atharvganguly@example.com,Bronze,2023-07-19
C0945,Kamala Bhardwaj,25-34,Male,Delhi,raghavsharma@example.org,Bronze,2024-11-25
C0946,Sachi Desai,35-44,Male,Bengaluru,santfalguni@example.net,Bronze,2023-08-16
C0947,Tamanna Palan,35-44,Male,Bengaluru,rajata00@example.org,Silver,2024-05-17
C0948,Victor Narasimhan,45-54,Male,Mumbai,venkateshchaman@example.com,Bronze,2025-12-06
C0949,Gaurav Suresh,25-34,Male,Bengaluru,irastogi@example.org,Platinum,2023-09-28
C0950,Jatin Chanda,45-54,Female,Mumbai,srinivasandev@example.org,Gold,2025-07-02
C0951,Benjamin Manne,25-34,Female,Delhi,wadhwaarjun@example.net,Silver,2024-04-14
C0952,Avi Mukhopadhyay,18-24,Female,Ahmedabad,osunder@example.net,Silver,2026-05-21
C0953,Charan Dey,35-44,Female,Bengaluru,tataupasna@example.org,Bronze,2026-04-26
C0954,Odika Pandey,55+,Female,Pune,maanasjhaveri@example.com,Bronze,2023-07-14
C0955,Maanav Memon,25-34,Male,Kolkata,dinurishilla@example.org,Bronze,2026-03-04
C0956,Yahvi Menon,45-54,Female,Kolkata,matthew11@example.org,Bronze,2025-05-23
C0957,Qadim Sinha,45-54,Female,Mumbai,chandreshzachariah@example.net,Gold,2023-07-28
C0958,Nimrat Kaul,25-34,Male,Delhi,ayushmanbalay@example.org,Silver,2024-11-21
C0959,Ishani Vasa,45-54,Female,Mumbai,parmerurishilla@example.com,Silver,2025-09-17
C0960,Hritik Khosla,25-34,Male,Kolkata,vincentrana@example.org,Silver,2025-11-25
C0961,Varsha Yadav,55+,Female,Chennai,yrau@example.org,Gold,2025-07-14
C0962,Bina Pandya,35-44,Female,Pune,zsant@example.com,Gold,2024-12-31
C0963,Nimrat Mittal,25-34,Male,Delhi,daksha85@example.com,Gold,2023-09-22
C0964,Max Rout,25-34,Female,Delhi,sulegirish@example.org,Bronze,2024-05-09
C0965,Riya Bhatti,18-24,Female,Chennai,yagneshsem@example.net,Bronze,2026-02-26
C0966,Anvi Kade,25-34,Male,Delhi,ladhardik@example.net,Bronze,2024-04-25
C0967,Wriddhish Lad,25-34,Male,Pune,sundaramethan@example.com,Bronze,2025-06-12
C0968,Timothy Muni,25-34,Female,Hyderabad,gdivan@example.com,Silver,2025-10-31
C0969,Qadim Munshi,55+,Male,Hyderabad,lbasu@example.net,Bronze,2025-07-30
C0970,William Venkataraman,18-24,Female,Ahmedabad,omaja66@example.net,Silver,2024-03-17
C0971,Amol Sura,35-44,Female,Hyderabad,panini79@example.com,Bronze,2025-09-15
C0972,Hritik Dugar,45-54,Female,Bengaluru,reddyranveer@example.com,Silver,2024-07-08
C0973,Rudra Badami,45-54,Female,Ahmedabad,sureesha@example.net,Bronze,2023-10-15
C0974,Chatura Luthra,45-54,Female,Kolkata,kala05@example.org,Silver,2025-10-20
C0975,Lohit Parmer,18-24,Other,Mumbai,andraumang@example.org,Bronze,2025-07-01
C0976,Ladli Sachdev,45-54,Male,Delhi,noahkalita@example.org,Silver,2025-05-29
C0977,Laban Kadakia,18-24,Male,Delhi,gshenoy@example.com,Bronze,2023-08-24
C0978,Dominic Char,35-44,Female,Mumbai,iryanaidu@example.com,Bronze,2024-11-07
C0979,Manan Tandon,35-44,Female,Hyderabad,isaacsalvi@example.org,Platinum,2025-10-26
C0980,Tanveer More,35-44,Male,Bengaluru,ombasak@example.com,Bronze,2026-06-10
C0981,Lavanya Wable,25-34,Female,Hyderabad,ozabalhaar@example.net,Silver,2024-09-24
C0982,Libni Doctor,35-44,Female,Chennai,chaitalybrar@example.com,Bronze,2023-12-20
C0983,Ishita Ravi,55+,Male,Mumbai,nbains@example.com,Bronze,2024-11-17
C0984,Charita Thaman,25-34,Male,Kolkata,anviprakash@example.com,Silver,2023-10-18
C0985,Irya Chowdhury,35-44,Male,Mumbai,chaitaly64@example.org,Bronze,2023-10-26
C0986,Adweta Narayanan,35-44,Female,Hyderabad,divya18@example.net,Silver,2025-01-17
C0987,Anika Palla,55+,Male,Pune,jason62@example.org,Silver,2025-12-09
C0988,Harrison Pandit,25-34,Male,Chennai,champakmane@example.net,Bronze,2024-08-03
C0989,Anika Cheema,25-34,Male,Bengaluru,diptamani@example.org,Bronze,2024-06-14
C0990,Hema Kala,25-34,Male,Hyderabad,pradhanhritik@example.org,Silver,2025-04-16
C0991,Vritti Kibe,45-54,Female,Hyderabad,samuel57@example.net,Silver,2024-03-09
C0992,Anika Arora,55+,Female,Ahmedabad,kumerfalak@example.net,Gold,2026-03-05
C0993,Lila Oza,55+,Male,Pune,bumbpallavi@example.net,Silver,2024-10-28
C0994,Vyanjana Sarma,25-34,Male,Mumbai,tejassathe@example.org,Bronze,2024-11-23
C0995,Janani Sastry,35-44,Male,Chennai,rdhar@example.org,Bronze,2026-01-18
C0996,Arya Wadhwa,25-34,Male,Pune,gaurav01@example.net,Gold,2023-11-10
C0997,Gagan Raghavan,25-34,Male,Chennai,devansh91@example.net,Silver,2024-08-02
C0998,Gabriel Ray,18-24,Female,Pune,vamakshi99@example.com,Silver,2026-06-22
C0999,Devika Merchant,25-34,Female,Pune,pranav07@example.com,Bronze,2023-11-21
C1000,Netra Shroff,25-34,Male,Chennai,hemanginiraval@example.com,Silver,2024-08-07
C1001,Chameli Parmar,25-34,Male,Hyderabad,warindersahota@example.net,Bronze,2025-03-20
C1002,Krishna Bose,18-24,Male,Pune,sanayadalal@example.org,Platinum,2025-08-10
C1003,Bina Dutta,35-44,Female,Ahmedabad,triptisuresh@example.org,Silver,2025-03-18
C1004,Rohan Lad,45-54,Male,Mumbai,suhanichaudry@example.net,Bronze,2026-02-11
C1005,Adya Bhardwaj,25-34,Other,Hyderabad,wasongunbir@example.org,Gold,2023-10-24
C1006,Radhika Dua,25-34,Female,Hyderabad,jshanker@example.org,Bronze,2026-02-28
C1007,William Chad,25-34,Female,Kolkata,mtak@example.org,Silver,2025-07-30
C1008,Aadi Dhawan,45-54,Female,Kolkata,alkabera@example.org,Silver,2026-04-27
C1009,Yahvi Gade,35-44,Male,Delhi,yashawini89@example.org,Silver,2026-01-05
C1010,Aarav Shanker,35-44,Male,Mumbai,sachidhawan@example.com,Bronze,2024-04-25
C1011,Vedhika Raval,35-44,Male,Pune,lakshmimittal@example.com,Silver,2024-07-22
C1012,Harrison Swamy,25-34,Female,Chennai,aadimammen@example.net,Bronze,2024-10-24
C1013,Praneel Barad,25-34,Male,Bengaluru,atwaltheodore@example.org,Silver,2024-06-07
C1014,Agastya Datta,25-34,Male,Pune,tanishsoni@example.net,Silver,2025-01-14
C1015,Ayush Suresh,55+,Female,Bengaluru,lipika48@example.net,Gold,2025-04-02
C1016,Liam Hans,45-54,Female,Hyderabad,kevin77@example.net,Gold,2024-01-13
C1017,Ekansh Majumdar,18-24,Female,Chennai,chanakyagoyal@example.org,Bronze,2025-01-07
C1018,Dakshesh Palla,18-24,Female,Mumbai,pkashyap@example.net,Platinum,2024-04-14
C1019,Victor Pradhan,45-54,Male,Pune,mukhopadhyayniharika@example.org,Silver,2024-09-03
C1020,Ekta Keer,25-34,Female,Mumbai,rairachita@example.org,Bronze,2025-07-19
C1021,Viraj Choudhary,25-34,Female,Hyderabad,rattazayan@example.net,Bronze,2025-08-12
C1022,Aarav Patel,25-34,Male,Pune,omadan@example.net,Silver,2024-01-31
C1023,Anthony Nayar,25-34,Male,Hyderabad,dhruv47@example.net,Bronze,2024-10-28
C1024,Viraj Chaudhary,35-44,Female,Chennai,edhitha68@example.net,Silver,2023-11-06
C1025,Manya Gill,25-34,Female,Hyderabad,liam73@example.org,Silver,2023-07-23
C1026,Saanvi Ranganathan,45-54,Male,Ahmedabad,purihemangini@example.org,Bronze,2025-02-18
C1027,Girish Bhat,45-54,Female,Bengaluru,srinivasazaan@example.net,Platinum,2024-03-31
C1028,Bishakha Bhargava,35-44,Female,Kolkata,biraradhana@example.com,Gold,2024-12-16
C1029,Nicholas Kumar,18-24,Male,Delhi,sampathirya@example.net,Bronze,2026-05-07
C1030,Aishani Chand,35-44,Female,Hyderabad,wasonprisha@example.net,Bronze,2025-02-08
C1031,Udarsh Venkataraman,45-54,Female,Ahmedabad,palanpatrick@example.org,Silver,2026-01-03
C1032,Arin Solanki,25-34,Male,Ahmedabad,golekiaan@example.org,Bronze,2025-06-29
C1033,Max Bawa,35-44,Female,Chennai,golatara@example.net,Silver,2025-01-06
C1034,Qarin Suri,25-34,Male,Delhi,neel96@example.org,Bronze,2023-12-30
C1035,Reyansh Sunder,35-44,Male,Ahmedabad,kaulatharv@example.net,Bronze,2024-06-26
C1036,Jasmit Bakshi,18-24,Female,Delhi,brana@example.com,Bronze,2024-08-07
C1037,Atharv Yogi,25-34,Male,Kolkata,chatresh51@example.org,Bronze,2024-02-16
C1038,Wakeeta Nagi,18-24,Female,Bengaluru,dayamai46@example.com,Bronze,2024-12-03
C1039,Triya Badami,45-54,Male,Pune,urminazareth@example.org,Silver,2026-03-31
C1040,Watika Narula,35-44,Male,Hyderabad,chaudharyaadhya@example.org,Platinum,2024-01-11
C1041,Ranveer Bhasin,35-44,Male,Bengaluru,dharjasmit@example.net,Silver,2025-08-06
C1042,Gaurika Sridhar,25-34,Female,Kolkata,pranit45@example.org,Bronze,2025-08-18
C1043,Jatin Dugar,25-34,Male,Pune,anikasen@example.com,Bronze,2024-04-18
C1044,Vihaan Kar,25-34,Male,Hyderabad,ranveer65@example.com,Bronze,2023-10-26
C1045,Vedant Cheema,25-34,Female,Mumbai,wadhwachristopher@example.net,Bronze,2025-02-28
C1046,Harshil Khatri,25-34,Male,Hyderabad,logandubey@example.net,Platinum,2023-10-27
C1047,Sara Subramanian,25-34,Female,Ahmedabad,wazirdin@example.net,Gold,2025-07-31
C1048,Chaitanya Naik,45-54,Female,Chennai,wyohannan@example.net,Bronze,2026-03-20
C1049,Anmol Dhaliwal,25-34,Male,Kolkata,mandlekha@example.net,Silver,2023-07-04
C1050,Vyanjana Bhatt,45-54,Male,Kolkata,ranbirdugar@example.org,Bronze,2025-11-23
C1051,Kavya Shanker,25-34,Female,Chennai,sachdevanandini@example.com,Silver,2026-01-06
C1052,Tamanna Jani,25-34,Female,Hyderabad,knair@example.com,Gold,2024-01-21
C1053,Ojasvi Banik,25-34,Male,Kolkata,radhikakeer@example.com,Bronze,2023-10-23
C1054,Ekbal Sandal,35-44,Female,Delhi,ojas30@example.org,Bronze,2026-01-16
C1055,Balvan Sodhi,25-34,Male,Ahmedabad,rishisura@example.com,Bronze,2025-04-02
C1056,Nitesh Deep,25-34,Male,Mumbai,mchoudhary@example.com,Bronze,2026-03-10
C1057,Yahvi Sachdeva,35-44,Male,Ahmedabad,iyengarjalsa@example.com,Bronze,2023-09-24
C1058,Hema Tak,25-34,Male,Ahmedabad,wchakrabarti@example.com,Gold,2024-01-11
C1059,Qushi Dugal,55+,Male,Ahmedabad,samaksh01@example.net,Gold,2024-04-08
C1060,Upadhriti Chokshi,18-24,Female,Pune,ganeshraksha@example.org,Bronze,2024-09-24
C1061,Hemang Rajan,35-44,Male,Hyderabad,gangulyparth@example.org,Silver,2024-12-16
C1062,Urvi Hari,45-54,Male,Chennai,munixiti@example.com,Bronze,2024-03-19
C1063,Watika Mand,18-24,Female,Mumbai,bahadurjit57@example.com,Bronze,2026-06-18
C1064,Ryan Bath,25-34,Other,Ahmedabad,sankarpatrick@example.net,Bronze,2025-12-30
C1065,Bimala Mann,25-34,Other,Delhi,tellachandresh@example.org,Silver,2025-02-12
C1066,Dev Gokhale,55+,Male,Hyderabad,saumyabahri@example.org,Silver,2026-04-21
C1067,Girindra Chokshi,25-34,Female,Delhi,wahabmane@example.net,Bronze,2024-12-21
C1068,Anmol Johal,45-54,Male,Mumbai,labanmodi@example.net,Bronze,2023-08-20
C1069,Ucchal Barad,25-34,Male,Kolkata,sridharfalak@example.org,Bronze,2023-08-08
C1070,Tristan Kalla,25-34,Male,Delhi,jmenon@example.com,Platinum,2024-11-10
C1071,Yauvani Gera,35-44,Male,Ahmedabad,manyasagar@example.com,Gold,2024-08-20
C1072,Kamya Sahni,18-24,Male,Chennai,savantveda@example.org,Silver,2024-01-19
C1073,Liam Baral,18-24,Female,Mumbai,amararaman@example.org,Silver,2025-01-21
C1074,Lohit Walia,18-24,Male,Delhi,finn66@example.com,Platinum,2026-01-05
C1075,Unnati Sachar,45-54,Male,Pune,chatreshbehl@example.com,Bronze,2024-12-19
C1076,Nimrat Pathak,25-34,Male,Kolkata,bhardwajqarin@example.com,Gold,2023-09-05
C1077,Ryan Kannan,35-44,Female,Ahmedabad,chandreshhalder@example.org,Silver,2024-02-22
C1078,Jackson Nadig,25-34,Male,Ahmedabad,tatakavya@example.org,Bronze,2025-05-07
C1079,Manan Narula,25-34,Female,Ahmedabad,rohan18@example.net,Gold,2026-02-22
C1080,Rudra Butala,18-24,Male,Bengaluru,chadachandresh@example.com,Bronze,2023-10-26
C1081,Vedant Sankaran,35-44,Male,Hyderabad,kashvimody@example.com,Gold,2025-02-28
C1082,Ekta Shere,35-44,Female,Kolkata,nathanielbhagat@example.org,Silver,2025-01-31
C1083,Anjali Koshy,35-44,Male,Pune,anvi50@example.org,Silver,2024-07-17
C1084,Harita Dass,25-34,Female,Kolkata,jhaverihenry@example.net,Gold,2023-09-06
C1085,Ojas Thakur,35-44,Male,Bengaluru,pushtikarnik@example.net,Silver,2023-09-13
C1086,Megha Soni,18-24,Female,Delhi,mkeer@example.com,Bronze,2025-01-04
C1087,Yoshita Srinivas,18-24,Male,Bengaluru,qgour@example.com,Bronze,2026-04-17
C1088,Samarth Loke,18-24,Female,Chennai,pallkamya@example.org,Gold,2024-02-26
C1089,Oscar Sami,25-34,Female,Ahmedabad,ijha@example.com,Bronze,2025-12-22
C1090,Arjun Khalsa,25-34,Female,Pune,avni88@example.net,Bronze,2024-01-16
C1091,Vrinda Saini,35-44,Female,Chennai,ssandhu@example.org,Gold,2025-12-29
C1092,Yamini Parmar,45-54,Male,Ahmedabad,jasmitkumar@example.com,Silver,2024-07-12
C1093,Darika Divan,45-54,Female,Kolkata,chaudharibakhshi@example.com,Bronze,2025-10-05
C1094,Frederick Purohit,25-34,Female,Hyderabad,fmammen@example.net,Gold,2025-02-22
C1095,Qarin Mandal,55+,Other,Delhi,ramanudarsh@example.org,Bronze,2024-04-06
C1096,Theodore Chaudhari,35-44,Male,Chennai,max04@example.com,Silver,2025-08-09
C1097,Yash Misra,35-44,Female,Chennai,surakrisha@example.org,Silver,2024-02-25
C1098,Ayush Dar,35-44,Female,Kolkata,gaurangi92@example.net,Silver,2025-06-28
C1099,Jairaj Dixit,35-44,Male,Ahmedabad,ekavirmangat@example.net,Bronze,2025-02-07
C1100,Aayush Saha,35-44,Female,Bengaluru,advik88@example.net,Silver,2024-05-06
C1101,Abhiram Choudhry,55+,Female,Ahmedabad,liam89@example.net,Silver,2025-11-12
C1102,Qushi Tiwari,45-54,Male,Pune,qwarrior@example.org,Silver,2023-12-25
C1103,Ucchal Mohan,35-44,Female,Pune,pallfitan@example.net,Bronze,2025-04-25
C1104,Maanav Mitra,25-34,Male,Hyderabad,yahvimitra@example.net,Platinum,2025-01-19
C1105,Vamakshi Pandey,35-44,Other,Mumbai,gagankaur@example.org,Silver,2024-09-23
C1106,Ishaan Mittal,55+,Male,Bengaluru,dchander@example.org,Bronze,2024-11-01
C1107,Nihal Dash,25-34,Male,Chennai,tsingh@example.net,Gold,2024-04-16
C1108,Manan Ramesh,45-54,Female,Hyderabad,ekaran@example.org,Silver,2025-10-05
C1109,Ayushman Dara,18-24,Male,Bengaluru,lakshitperi@example.com,Bronze,2024-05-03
C1110,Nandini Hayer,25-34,Female,Hyderabad,kamala86@example.org,Bronze,2026-03-28
C1111,Aryan Menon,18-24,Male,Hyderabad,boraaarini@example.net,Gold,2025-12-30
C1112,Lucky Bhagat,35-44,Female,Delhi,gunbirkala@example.org,Bronze,2026-02-03
C1113,Noah Balay,35-44,Male,Delhi,bbanik@example.org,Silver,2025-03-28
C1114,Pranav Bandi,18-24,Male,Kolkata,baradindali@example.com,Gold,2024-03-02
C1115,Udarsh Gole,45-54,Male,Pune,farissoman@example.org,Platinum,2024-04-28
C1116,Urmi Virk,45-54,Male,Delhi,bathsara@example.com,Silver,2025-05-17
C1117,Rohan Dhingra,35-44,Female,Mumbai,edugal@example.net,Bronze,2025-09-02
C1118,Netra Saraf,25-34,Female,Mumbai,ryanmittal@example.com,Bronze,2025-02-13
C1119,Falak Bains,18-24,Female,Chennai,ekapadsaran@example.org,Platinum,2024-06-08
C1120,Pushti Kar,35-44,Female,Ahmedabad,ulata@example.net,Bronze,2024-08-04
C1121,Amruta Behl,25-34,Male,Kolkata,siddharth08@example.net,Bronze,2024-04-30
C1122,Samarth Mutti,25-34,Female,Delhi,hemang72@example.net,Silver,2024-06-27
C1123,Praneel Pant,18-24,Female,Hyderabad,xiti20@example.com,Gold,2025-05-02
C1124,Prisha Sarna,35-44,Female,Bengaluru,garaharsh@example.com,Bronze,2025-06-13
C1125,Arjun Setty,35-44,Male,Kolkata,xsengupta@example.com,Silver,2026-01-19
C1126,Madhavi Rajan,25-34,Male,Chennai,chamanrau@example.com,Bronze,2025-10-21
C1127,Vritti Chand,18-24,Male,Delhi,harshilnanda@example.org,Bronze,2026-02-06
C1128,Anika Master,25-34,Female,Chennai,varshanatt@example.com,Bronze,2025-08-19
C1129,Ayushman Kalla,18-24,Male,Hyderabad,svarghese@example.org,Gold,2025-07-10
C1130,Mekhala Rajan,35-44,Male,Ahmedabad,cbandi@example.org,Platinum,2024-09-15
C1131,Baljiwan Memon,25-34,Male,Chennai,kpathak@example.com,Gold,2025-06-12
C1132,Qasim Bala,18-24,Male,Delhi,savantfariq@example.org,Platinum,2025-03-18
C1133,Wriddhish Iyer,45-54,Female,Bengaluru,robert67@example.net,Bronze,2024-11-15
C1134,Ubika Mahal,25-34,Male,Delhi,satheaarna@example.com,Bronze,2025-09-02
C1135,Henry Rama,25-34,Female,Chennai,shroffdaniel@example.org,Bronze,2025-04-09
C1136,Omya Kuruvilla,35-44,Other,Ahmedabad,joshua77@example.net,Silver,2024-03-23
C1137,Sachi Bahl,25-34,Female,Mumbai,xbasu@example.net,Silver,2024-02-23
C1138,Qabil Master,18-24,Male,Hyderabad,sgara@example.org,Gold,2024-12-10
C1139,Ranveer Sarin,18-24,Female,Hyderabad,yachana60@example.net,Bronze,2024-07-15
C1140,Tripti Pillay,35-44,Female,Kolkata,harrison46@example.org,Gold,2026-01-24
C1141,Orinder Aggarwal,45-54,Male,Pune,nirja38@example.com,Gold,2025-07-23
C1142,Forum Gala,25-34,Male,Kolkata,settyabhimanyu@example.net,Platinum,2026-03-28
C1143,Nakul Sahni,45-54,Female,Delhi,comarsiddharth@example.org,Silver,2023-12-27
C1144,Harrison Saraf,25-34,Female,Delhi,yashica79@example.com,Silver,2025-08-10
C1145,Rachana Comar,18-24,Female,Mumbai,jissac@example.com,Bronze,2025-12-21
C1146,Parth Aurora,25-34,Male,Ahmedabad,oscar05@example.org,Bronze,2024-12-19
C1147,Chameli Maharaj,25-34,Male,Pune,balveerpathak@example.com,Platinum,2025-11-11
C1148,Andrew Pant,45-54,Female,Hyderabad,oeshigoda@example.org,Gold,2024-09-01
C1149,Atharv Dutta,55+,Female,Mumbai,munshidarsh@example.net,Bronze,2025-03-27
C1150,Warinder Sawhney,45-54,Female,Pune,sudikshaparmer@example.com,Bronze,2025-01-16
C1151,Hemangini Bains,25-34,Female,Kolkata,iracomar@example.net,Gold,2025-10-09
C1152,Aarav Vig,25-34,Female,Chennai,zlad@example.org,Bronze,2026-06-09
C1153,Libni Datta,45-54,Male,Hyderabad,raghav56@example.net,Silver,2025-06-18
C1154,Rishi Chand,35-44,Female,Chennai,wridesh94@example.com,Silver,2025-11-16
C1155,Veda Pingle,45-54,Male,Chennai,bawaradhika@example.org,Silver,2026-05-27
C1156,Vasana Sarin,25-34,Female,Bengaluru,tanvisangha@example.net,Gold,2024-04-19
C1157,Raksha Mangal,25-34,Female,Bengaluru,kashvi87@example.org,Platinum,2025-01-10
C1158,Jonathan Sampath,25-34,Female,Delhi,ekapad94@example.org,Bronze,2024-04-22
C1159,Yashoda Date,35-44,Female,Mumbai,etabarad@example.net,Bronze,2025-01-30
C1160,Anika Wason,25-34,Female,Kolkata,rajata48@example.com,Gold,2026-03-22
C1161,Ishwar Ramakrishnan,18-24,Male,Hyderabad,gkibe@example.net,Bronze,2025-07-30
C1162,Eiravati Savant,35-44,Female,Mumbai,ibhandari@example.org,Bronze,2024-08-08
C1163,Manan Hari,35-44,Male,Chennai,farasuppal@example.org,Bronze,2024-06-10
C1164,Yashodhara Manne,35-44,Male,Delhi,ishanvi75@example.org,Silver,2025-02-10
C1165,Liam Master,35-44,Male,Ahmedabad,vansha47@example.net,Gold,2024-08-25
C1166,Gopal Chakraborty,25-34,Male,Ahmedabad,chanakyahari@example.com,Bronze,2025-06-28
C1167,Amruta Goda,35-44,Male,Kolkata,dakshapradhan@example.net,Bronze,2024-04-22
C1168,Ishanvi Suri,25-34,Female,Kolkata,gautam64@example.org,Bronze,2023-10-30
C1169,Lakshit Hari,18-24,Female,Chennai,hrao@example.net,Platinum,2024-03-27
C1170,Janya Nayak,35-44,Female,Ahmedabad,chasmumshroff@example.org,Gold,2024-09-19
C1171,Jalsa Kapoor,25-34,Male,Kolkata,sathvik35@example.net,Silver,2026-01-25
C1172,Chatura Pingle,35-44,Male,Kolkata,iragolla@example.org,Platinum,2025-03-20
C1173,Jalsa Ahluwalia,25-34,Male,Mumbai,prasadjonathan@example.com,Gold,2024-11-10
C1174,Nirja Cheema,45-54,Male,Mumbai,aachalbahl@example.com,Silver,2026-04-12
C1175,Yug Chatterjee,35-44,Female,Mumbai,warjas75@example.org,Silver,2025-07-11
C1176,Vidhi Murthy,25-34,Male,Mumbai,pandeyharinakshi@example.com,Gold,2024-06-18
C1177,Divya Kar,25-34,Male,Hyderabad,balendra37@example.com,Silver,2024-12-07
C1178,Michael Gaba,35-44,Female,Mumbai,zarnavora@example.com,Silver,2023-11-12
C1179,Warjas Kuruvilla,18-24,Female,Ahmedabad,mannnirja@example.com,Bronze,2026-04-24
C1180,Ekansh Cherian,25-34,Male,Bengaluru,bassiubika@example.org,Bronze,2026-05-30
C1181,Oscar Srinivas,35-44,Female,Ahmedabad,inadkarni@example.com,Bronze,2024-07-07
C1182,Ekansh Ben,18-24,Male,Ahmedabad,fariqsastry@example.com,Silver,2025-11-13
C1183,Samar Chowdhury,35-44,Male,Bengaluru,ira64@example.com,Bronze,2026-05-01
C1184,Jonathan Golla,35-44,Male,Ahmedabad,randhawavihaan@example.com,Silver,2025-08-09
C1185,Tripti Natarajan,25-34,Male,Bengaluru,xrana@example.org,Gold,2023-09-07
C1186,Guneet Karpe,35-44,Female,Pune,gauri98@example.net,Bronze,2026-02-03
C1187,Ethan Sood,18-24,Female,Bengaluru,azadpanchal@example.com,Bronze,2025-02-02
C1188,Henry Gupta,35-44,Other,Hyderabad,samalavanya@example.net,Bronze,2026-03-31
C1189,Yatan Bali,18-24,Male,Bengaluru,zinalbrahmbhatt@example.com,Bronze,2023-08-04
C1190,Laban Behl,18-24,Female,Hyderabad,omya28@example.org,Silver,2023-10-16
C1191,Sudiksha Prakash,35-44,Female,Mumbai,lpau@example.com,Bronze,2025-04-22
C1192,Bhavika Kanda,25-34,Male,Ahmedabad,fkhanna@example.org,Silver,2025-01-17
C1193,Quincy Dutta,25-34,Female,Mumbai,xpradhan@example.org,Silver,2025-10-06
C1194,Atharv Lal,18-24,Male,Chennai,gauravrastogi@example.com,Silver,2025-05-11
C1195,Sanaya Subramanian,18-24,Male,Mumbai,nbava@example.com,Silver,2023-10-15
C1196,Tamanna Krishnamurthy,25-34,Male,Hyderabad,maanavkhanna@example.com,Bronze,2025-05-06
C1197,Omya Devan,18-24,Male,Bengaluru,pwagle@example.com,Silver,2024-04-29
C1198,Jasmit Manne,55+,Female,Bengaluru,zehaankhalsa@example.org,Bronze,2023-08-22
C1199,Falak Krishnan,18-24,Male,Mumbai,aishani64@example.net,Bronze,2024-04-08
C1200,Tristan Pau,45-54,Female,Kolkata,cwali@example.org,Gold,2025-08-28
